name,casrn,congener_number,category,cid,molecular_formula,molecular_weight,canonical_smiles,isomeric_smiles,iupac_name,x_log_p,exact_mass,monoisotopic_mass,tpsa,h_bond_donor_count,h_bond_acceptor_count,volume3d
2-Chlorobiphenyl,2051-60-7,1,Congener,249266,C12H9Cl,188.65,C1=CC=C(C=C1)C2=CC=CC=C2Cl,C1=CC=C(C=C1)C2=CC=CC=C2Cl,1-chloro-2-phenylbenzene,4.5,188.0392780,188.0392780,0,0,0,143.5
3-Chlorobiphenyl,2051-61-8,2,Congener,16322,C12H9Cl,188.65,C1=CC=C(C=C1)C2=CC(=CC=C2)Cl,C1=CC=C(C=C1)C2=CC(=CC=C2)Cl,1-chloro-3-phenylbenzene,4.6,188.0392780,188.0392780,0,0,0,144.1
4-Chlorobiphenyl,2051-62-9,3,Congener,16323,C12H9Cl,188.65,C1=CC=C(C=C1)C2=CC=C(C=C2)Cl,C1=CC=C(C=C1)C2=CC=C(C=C2)Cl,1-chloro-4-phenylbenzene,4.6,188.0392780,188.0392780,0,0,0,142.9
"2,2'-Dichlorobiphenyl",13029-08-8,4,Congener,25622,C12H8Cl2,223.09,C1=CC=C(C(=C1)C2=CC=CC=C2Cl)Cl,C1=CC=C(C(=C1)C2=CC=CC=C2Cl)Cl,1-chloro-2-(2-chlorophenyl)benzene,5,222.0003056,222.0003056,0,0,0,158.2
"2,3-Dichlorobiphenyl",16605-91-7,5,Congener,27959,C12H8Cl2,223.09,C1=CC=C(C=C1)C2=C(C(=CC=C2)Cl)Cl,C1=CC=C(C=C1)C2=C(C(=CC=C2)Cl)Cl,"1,2-dichloro-3-phenylbenzene",4.8,222.0003056,222.0003056,0,0,0,158.2
"2,3'-Dichlorobiphenyl",25569-80-6,6,Congener,33100,C12H8Cl2,223.09,C1=CC=C(C(=C1)C2=CC(=CC=C2)Cl)Cl,C1=CC=C(C(=C1)C2=CC(=CC=C2)Cl)Cl,1-chloro-2-(3-chlorophenyl)benzene,5,222.0003056,222.0003056,0,0,0,158.5
"2,4-Dichlorobiphenyl",33284-50-3,7,Congener,36399,C12H8Cl2,223.09,C1=CC=C(C=C1)C2=C(C=C(C=C2)Cl)Cl,C1=CC=C(C=C1)C2=C(C=C(C=C2)Cl)Cl,"2,4-dichloro-1-phenylbenzene",5.3,222.0003056,222.0003056,0,0,0,157.3
"2,4'-Dichlorobiphenyl",34883-43-7,8,Congener,36982,C12H8Cl2,223.09,C1=CC=C(C(=C1)C2=CC=C(C=C2)Cl)Cl,C1=CC=C(C(=C1)C2=CC=C(C=C2)Cl)Cl,1-chloro-2-(4-chlorophenyl)benzene,5.1,222.0003056,222.0003056,0,0,0,157.3
"2,5-Dichlorobiphenyl",34883-39-1,9,Congener,36980,C12H8Cl2,223.09,C1=CC=C(C=C1)C2=C(C=CC(=C2)Cl)Cl,C1=CC=C(C=C1)C2=C(C=CC(=C2)Cl)Cl,"1,4-dichloro-2-phenylbenzene",5.2,222.0003056,222.0003056,0,0,0,158.5
"2,6-Dichlorobiphenyl",33146-45-1,10,Congener,36342,C12H8Cl2,223.09,C1=CC=C(C=C1)C2=C(C=CC=C2Cl)Cl,C1=CC=C(C=C1)C2=C(C=CC=C2Cl)Cl,"1,3-dichloro-2-phenylbenzene",5,222.0003056,222.0003056,0,0,0,157.9
"3,3'-Dichlorobiphenyl",2050-67-1,11,Congener,16307,C12H8Cl2,223.09,C1=CC(=CC(=C1)Cl)C2=CC(=CC=C2)Cl,C1=CC(=CC(=C1)Cl)C2=CC(=CC=C2)Cl,1-chloro-3-(3-chlorophenyl)benzene,5.2,222.0003056,222.0003056,0,0,0,158.8
"3,4-Dichlorobiphenyl",2974-92-7,12,Congener,18102,C12H8Cl2,223.09,C1=CC=C(C=C1)C2=CC(=C(C=C2)Cl)Cl,C1=CC=C(C=C1)C2=CC(=C(C=C2)Cl)Cl,"1,2-dichloro-4-phenylbenzene",5.3,222.0003056,222.0003056,0,0,0,157.6
"3,4'-Dichlorobiphenyl",2974-90-5,13,Congener,18101,C12H8Cl2,223.09,C1=CC(=CC(=C1)Cl)C2=CC=C(C=C2)Cl,C1=CC(=CC(=C1)Cl)C2=CC=C(C=C2)Cl,1-chloro-3-(4-chlorophenyl)benzene,5.2,222.0003056,222.0003056,0,0,0,157.6
"3,5-Dichlorobiphenyl",34883-41-5,14,Congener,36981,C12H8Cl2,223.09,C1=CC=C(C=C1)C2=CC(=CC(=C2)Cl)Cl,C1=CC=C(C=C1)C2=CC(=CC(=C2)Cl)Cl,"1,3-dichloro-5-phenylbenzene",4.8,222.0003056,222.0003056,0,0,0,159.1
"4,4'-Dichlorobiphenyl",2050-68-2,15,Congener,16308,C12H8Cl2,223.09,C1=CC(=CC=C1C2=CC=C(C=C2)Cl)Cl,C1=CC(=CC=C1C2=CC=C(C=C2)Cl)Cl,1-chloro-4-(4-chlorophenyl)benzene,5.6,222.0003056,222.0003056,0,0,0,156.4
"2,2',3-Trichlorobiphenyl",38444-78-9,16,Congener,38032,C12H7Cl3,257.5,C1=CC=C(C(=C1)C2=C(C(=CC=C2)Cl)Cl)Cl,C1=CC=C(C(=C1)C2=C(C(=CC=C2)Cl)Cl)Cl,"1,2-dichloro-3-(2-chlorophenyl)benzene",5.3,255.961333,255.961333,0,0,0,172.8
"2,2',4-Trichlorobiphenyl",37680-66-3,17,Congener,37804,C12H7Cl3,257.5,C1=CC=C(C(=C1)C2=C(C=C(C=C2)Cl)Cl)Cl,C1=CC=C(C(=C1)C2=C(C=C(C=C2)Cl)Cl)Cl,"2,4-dichloro-1-(2-chlorophenyl)benzene",5.8,255.961333,255.961333,0,0,0,171.9
"2,2',5-Trichlorobiphenyl",37680-65-2,18,Congener,37803,C12H7Cl3,257.5,C1=CC=C(C(=C1)C2=C(C=CC(=C2)Cl)Cl)Cl,C1=CC=C(C(=C1)C2=C(C=CC(=C2)Cl)Cl)Cl,"1,4-dichloro-2-(2-chlorophenyl)benzene",5.6,255.961333,255.961333,0,0,0,173.2
"2,2',6-Trichlorobiphenyl",38444-73-4,19,Congener,38029,C12H7Cl3,257.5,C1=CC=C(C(=C1)C2=C(C=CC=C2Cl)Cl)Cl,C1=CC=C(C(=C1)C2=C(C=CC=C2Cl)Cl)Cl,"1,3-dichloro-2-(2-chlorophenyl)benzene",5.5,255.961333,255.961333,0,0,0,172.3
"2,3,3'-Trichlorobiphenyl",38444-84-7,20,Congener,38034,C12H7Cl3,257.5,C1=CC(=CC(=C1)Cl)C2=C(C(=CC=C2)Cl)Cl,C1=CC(=CC(=C1)Cl)C2=C(C(=CC=C2)Cl)Cl,"1,2-dichloro-3-(3-chlorophenyl)benzene",5.6,255.961333,255.961333,0,0,0,173.2
"2,3,4-Trichlorobiphenyl",55702-46-0,21,Congener,41541,C12H7Cl3,257.5,C1=CC=C(C=C1)C2=C(C(=C(C=C2)Cl)Cl)Cl,C1=CC=C(C=C1)C2=C(C(=C(C=C2)Cl)Cl)Cl,"1,2,3-trichloro-4-phenylbenzene",5.9,255.961333,255.961333,0,0,0,171.7
"2,3,4'-Trichlorobiphenyl",38444-85-8,22,Congener,38035,C12H7Cl3,257.5,C1=CC(=C(C(=C1)Cl)Cl)C2=CC=C(C=C2)Cl,C1=CC(=C(C(=C1)Cl)Cl)C2=CC=C(C=C2)Cl,"1,2-dichloro-3-(4-chlorophenyl)benzene",5.4,255.961333,255.961333,0,0,0,172
"2,3,5-Trichlorobiphenyl",55720-44-0,23,Congener,41555,C12H7Cl3,257.5,C1=CC=C(C=C1)C2=C(C(=CC(=C2)Cl)Cl)Cl,C1=CC=C(C=C1)C2=C(C(=CC(=C2)Cl)Cl)Cl,"1,2,5-trichloro-3-phenylbenzene",5.8,255.961333,255.961333,0,0,0,173.2
"2,3,6-Trichlorobiphenyl",55702-45-9,24,Congener,41540,C12H7Cl3,257.5,C1=CC=C(C=C1)C2=C(C=CC(=C2Cl)Cl)Cl,C1=CC=C(C=C1)C2=C(C=CC(=C2Cl)Cl)Cl,"1,2,4-trichloro-3-phenylbenzene",5.7,255.961333,255.961333,0,0,0,172.6
"2,3',4-Trichlorobiphenyl",55712-37-3,25,Congener,41551,C12H7Cl3,257.5,C1=CC(=CC(=C1)Cl)C2=C(C=C(C=C2)Cl)Cl,C1=CC(=CC(=C1)Cl)C2=C(C=C(C=C2)Cl)Cl,"2,4-dichloro-1-(3-chlorophenyl)benzene",5.6,255.961333,255.961333,0,0,0,172.3
"2,3',5-Trichlorobiphenyl",38444-81-4,26,Congener,38033,C12H7Cl3,257.5,C1=CC(=CC(=C1)Cl)C2=C(C=CC(=C2)Cl)Cl,C1=CC(=CC(=C1)Cl)C2=C(C=CC(=C2)Cl)Cl,"1,4-dichloro-2-(3-chlorophenyl)benzene",5.8,255.961333,255.961333,0,0,0,173.5
"2,3',6-Trichlorobiphenyl",38444-76-7,27,Congener,38030,C12H7Cl3,257.5,C1=CC(=CC(=C1)Cl)C2=C(C=CC=C2Cl)Cl,C1=CC(=CC(=C1)Cl)C2=C(C=CC=C2Cl)Cl,"1,3-dichloro-2-(3-chlorophenyl)benzene",5.7,255.961333,255.961333,0,0,0,172.9
"2,4,4'-Trichlorobiphenyl",7012-37-5,28,Congener,23448,C12H7Cl3,257.5,C1=CC(=CC=C1C2=C(C=C(C=C2)Cl)Cl)Cl,C1=CC(=CC=C1C2=C(C=C(C=C2)Cl)Cl)Cl,"2,4-dichloro-1-(4-chlorophenyl)benzene",5.6,255.961333,255.961333,0,0,0,171.1
"2,4,5-Trichlorobiphenyl",15862-07-4,29,Congener,27514,C12H7Cl3,257.5,C1=CC=C(C=C1)C2=CC(=C(C=C2Cl)Cl)Cl,C1=CC=C(C=C1)C2=CC(=C(C=C2Cl)Cl)Cl,"1,2,4-trichloro-5-phenylbenzene",5.9,255.961333,255.961333,0,0,0,172
"2,4,6-Trichlorobiphenyl",35693-92-6,30,Congener,37247,C12H7Cl3,257.5,C1=CC=C(C=C1)C2=C(C=C(C=C2Cl)Cl)Cl,C1=CC=C(C=C1)C2=C(C=C(C=C2Cl)Cl)Cl,"1,3,5-trichloro-2-phenylbenzene",5.7,255.961333,255.961333,0,0,0,171.7
"2,4',5-Trichlorobiphenyl",16606-02-3,31,Congener,27960,C12H7Cl3,257.5,C1=CC(=CC=C1C2=C(C=CC(=C2)Cl)Cl)Cl,C1=CC(=CC=C1C2=C(C=CC(=C2)Cl)Cl)Cl,"1,4-dichloro-2-(4-chlorophenyl)benzene",5.8,255.961333,255.961333,0,0,0,172.3
"2,4',6-Trichlorobiphenyl",38444-77-8,32,Congener,38031,C12H7Cl3,257.5,C1=CC(=C(C(=C1)Cl)C2=CC=C(C=C2)Cl)Cl,C1=CC(=C(C(=C1)Cl)C2=CC=C(C=C2)Cl)Cl,"1,3-dichloro-2-(4-chlorophenyl)benzene",5.7,255.961333,255.961333,0,0,0,171.8
"2,3',4'-Trichlorobiphenyl",38444-86-9,33,Congener,38036,C12H7Cl3,257.5,C1=CC=C(C(=C1)C2=CC(=C(C=C2)Cl)Cl)Cl,C1=CC=C(C(=C1)C2=CC(=C(C=C2)Cl)Cl)Cl,"1,2-dichloro-4-(2-chlorophenyl)benzene",5.9,255.961333,255.961333,0,0,0,172
"2,3',5'-Trichlorobiphenyl",37680-68-5,34,Congener,37805,C12H7Cl3,257.5,C1=CC=C(C(=C1)C2=CC(=CC(=C2)Cl)Cl)Cl,C1=CC=C(C(=C1)C2=CC(=CC(=C2)Cl)Cl)Cl,"1,3-dichloro-5-(2-chlorophenyl)benzene",5.6,255.961333,255.961333,0,0,0,173.4
"3,3',4-Trichlorobiphenyl",37680-69-6,35,Congener,37806,C12H7Cl3,257.5,C1=CC(=CC(=C1)Cl)C2=CC(=C(C=C2)Cl)Cl,C1=CC(=CC(=C1)Cl)C2=CC(=C(C=C2)Cl)Cl,"1,2-dichloro-4-(3-chlorophenyl)benzene",5.9,255.961333,255.961333,0,0,0,172.3
"3,3',5-Trichlorobiphenyl",38444-87-0,36,Congener,38037,C12H7Cl3,257.5,C1=CC(=CC(=C1)Cl)C2=CC(=CC(=C2)Cl)Cl,C1=CC(=CC(=C1)Cl)C2=CC(=CC(=C2)Cl)Cl,"1,3-dichloro-5-(3-chlorophenyl)benzene",5.8,255.961333,255.961333,0,0,0,173.8
"3,4,4'-Trichlorobiphenyl",38444-90-5,37,Congener,38039,C12H7Cl3,257.5,C1=CC(=CC=C1C2=CC(=C(C=C2)Cl)Cl)Cl,C1=CC(=CC=C1C2=CC(=C(C=C2)Cl)Cl)Cl,"1,2-dichloro-4-(4-chlorophenyl)benzene",5.9,255.961333,255.961333,0,0,0,171.1
"3,4,5-Trichlorobiphenyl",53555-66-1,38,Congener,63099,C12H7Cl3,257.5,C1=CC=C(C=C1)C2=CC(=C(C(=C2)Cl)Cl)Cl,C1=CC=C(C=C1)C2=CC(=C(C(=C2)Cl)Cl)Cl,"1,2,3-trichloro-5-phenylbenzene",6,255.961333,255.961333,0,0,0,172.2
"3,4',5-Trichlorobiphenyl",38444-88-1,39,Congener,38038,C12H7Cl3,257.5,C1=CC(=CC=C1C2=CC(=CC(=C2)Cl)Cl)Cl,C1=CC(=CC=C1C2=CC(=CC(=C2)Cl)Cl)Cl,"1,3-dichloro-5-(4-chlorophenyl)benzene",5.4,255.961333,255.961333,0,0,0,172.6
"2,2',3,3'-Tetrachlorobiphenyl",38444-93-8,40,Congener,38040,C12H6Cl4,292.0,C1=CC(=C(C(=C1)Cl)Cl)C2=C(C(=CC=C2)Cl)Cl,C1=CC(=C(C(=C1)Cl)Cl)C2=C(C(=CC=C2)Cl)Cl,"1,2-dichloro-3-(2,3-dichlorophenyl)benzene",6.2,291.919411,289.922361,0,0,0,187.3
"2,2',3,4-Tetrachlorobiphenyl",52663-59-9,41,Congener,40467,C12H6Cl4,292.0,C1=CC=C(C(=C1)C2=C(C(=C(C=C2)Cl)Cl)Cl)Cl,C1=CC=C(C(=C1)C2=C(C(=C(C=C2)Cl)Cl)Cl)Cl,"1,2,3-trichloro-4-(2-chlorophenyl)benzene",6.1,291.919411,289.922361,0,0,0,186.2
"2,2',3,4'-Tetrachlorobiphenyl",36559-22-5,42,Congener,63103,C12H6Cl4,292.0,C1=CC(=C(C(=C1)Cl)Cl)C2=C(C=C(C=C2)Cl)Cl,C1=CC(=C(C(=C1)Cl)Cl)C2=C(C=C(C=C2)Cl)Cl,"1,2-dichloro-3-(2,4-dichlorophenyl)benzene",6,291.919411,289.922361,0,0,0,186.5
"2,2',3,5-Tetrachlorobiphenyl",70362-46-8,43,Congener,613387,C12H6Cl4,292.0,C1=CC=C(C(=C1)C2=C(C(=CC(=C2)Cl)Cl)Cl)Cl,C1=CC=C(C(=C1)C2=C(C(=CC(=C2)Cl)Cl)Cl)Cl,"1,2,5-trichloro-3-(2-chlorophenyl)benzene",5.8,291.919411,289.922361,0,0,0,187.7
"2,2',3,5'-Tetrachlorobiphenyl",41464-39-5,44,Congener,38875,C12H6Cl4,292.0,C1=CC(=C(C(=C1)Cl)Cl)C2=C(C=CC(=C2)Cl)Cl,C1=CC(=C(C(=C1)Cl)Cl)C2=C(C=CC(=C2)Cl)Cl,"1,2-dichloro-3-(2,5-dichlorophenyl)benzene",5.8,291.919411,289.922361,0,0,0,187.7
"2,2',3,6-Tetrachlorobiphenyl",70362-45-7,45,Congener,63108,C12H6Cl4,292.0,C1=CC=C(C(=C1)C2=C(C=CC(=C2Cl)Cl)Cl)Cl,C1=CC=C(C(=C1)C2=C(C=CC(=C2Cl)Cl)Cl)Cl,"1,2,4-trichloro-3-(2-chlorophenyl)benzene",5.4,291.919411,289.922361,0,0,0,187
"2,2',3,6'-Tetrachlorobiphenyl",41464-47-5,46,Congener,521055,C12H6Cl4,292.0,C1=CC(=C(C(=C1)Cl)Cl)C2=C(C=CC=C2Cl)Cl,C1=CC(=C(C(=C1)Cl)Cl)C2=C(C=CC=C2Cl)Cl,"1,2-dichloro-3-(2,6-dichlorophenyl)benzene",5.4,291.919411,289.922361,0,0,0,187
"2,2',4,4'-Tetrachlorobiphenyl",2437-79-8,47,Congener,17097,C12H6Cl4,292.0,C1=CC(=C(C=C1Cl)Cl)C2=C(C=C(C=C2)Cl)Cl,C1=CC(=C(C=C1Cl)Cl)C2=C(C=C(C=C2)Cl)Cl,"2,4-dichloro-1-(2,4-dichlorophenyl)benzene",6.3,291.919411,289.922361,0,0,0,185.7
"2,2',4,5-Tetrachlorobiphenyl",70362-47-9,48,Congener,51041,C12H6Cl4,292.0,C1=CC=C(C(=C1)C2=CC(=C(C=C2Cl)Cl)Cl)Cl,C1=CC=C(C(=C1)C2=CC(=C(C=C2Cl)Cl)Cl)Cl,"1,2,4-trichloro-5-(2-chlorophenyl)benzene",6.6,291.919411,289.922361,0,0,0,186.7
"2,2',4,5'-Tetrachlorobiphenyl",41464-40-8,49,Congener,38876,C12H6Cl4,292.0,C1=CC(=C(C=C1Cl)Cl)C2=C(C=CC(=C2)Cl)Cl,C1=CC(=C(C=C1Cl)Cl)C2=C(C=CC(=C2)Cl)Cl,"1,4-dichloro-2-(2,4-dichlorophenyl)benzene",6.4,291.919411,289.922361,0,0,0,186.9
"2,2',4,6-Tetrachlorobiphenyl",62796-65-0,50,Congener,44163,C12H6Cl4,292.0,C1=CC=C(C(=C1)C2=C(C=C(C=C2Cl)Cl)Cl)Cl,C1=CC=C(C(=C1)C2=C(C=C(C=C2Cl)Cl)Cl)Cl,"1,3,5-trichloro-2-(2-chlorophenyl)benzene",6.1,291.919411,289.922361,0,0,0,186.1
"2,2',4,6'-Tetrachlorobiphenyl",68194-05-8,51,Congener,50099,C12H5Cl5,326.4,C1=CC(=C(C=C1Cl)Cl)C2=C(C=CC(=C2Cl)Cl)Cl,C1=CC(=C(C=C1Cl)Cl)C2=C(C=CC(=C2Cl)Cl)Cl,"1,2,4-trichloro-3-(2,4-dichlorophenyl)benzene",6.3,325.880439,323.883389,0,0,0,200.8
"2,2',4,6'-Tetrachlorobiphenyl",68194-05-8,51,Congener,50099,C12H5Cl5,326.4,C1=CC(=C(C=C1Cl)Cl)C2=C(C=CC(=C2Cl)Cl)Cl,C1=CC(=C(C=C1Cl)Cl)C2=C(C=CC(=C2Cl)Cl)Cl,"1,2,4-trichloro-3-(2,4-dichlorophenyl)benzene",6.3,325.880439,323.883389,0,0,0,200.8
"2,2',4,6'-Tetrachlorobiphenyl",68194-05-8,51,Congener,50099,C12H5Cl5,326.4,C1=CC(=C(C=C1Cl)Cl)C2=C(C=CC(=C2Cl)Cl)Cl,C1=CC(=C(C=C1Cl)Cl)C2=C(C=CC(=C2Cl)Cl)Cl,"1,2,4-trichloro-3-(2,4-dichlorophenyl)benzene",6.3,325.880439,323.883389,0,0,0,200.8
"2,2',4,6'-Tetrachlorobiphenyl",68194-05-8,51,Congener,50099,C12H5Cl5,326.4,C1=CC(=C(C=C1Cl)Cl)C2=C(C=CC(=C2Cl)Cl)Cl,C1=CC(=C(C=C1Cl)Cl)C2=C(C=CC(=C2Cl)Cl)Cl,"1,2,4-trichloro-3-(2,4-dichlorophenyl)benzene",6.3,325.880439,323.883389,0,0,0,200.8
"2,2',5,5'-Tetrachlorobiphenyl",35693-99-3,52,Congener,37248,C12H6Cl4,292.0,C1=CC(=C(C=C1Cl)C2=C(C=CC(=C2)Cl)Cl)Cl,C1=CC(=C(C=C1Cl)C2=C(C=CC(=C2)Cl)Cl)Cl,"1,4-dichloro-2-(2,5-dichlorophenyl)benzene",6.1,291.919411,289.922361,0,0,0,188.2
"2,2',5,6'-Tetrachlorobiphenyl",41464-41-9,53,Congener,38877,C12H6Cl4,292.0,C1=CC(=C(C(=C1)Cl)C2=C(C=CC(=C2)Cl)Cl)Cl,C1=CC(=C(C(=C1)Cl)C2=C(C=CC(=C2)Cl)Cl)Cl,"1,3-dichloro-2-(2,5-dichlorophenyl)benzene",5.6,291.919411,289.922361,0,0,0,187.3
"2,2',6,6'-Tetrachlorobiphenyl",15968-05-5,54,Congener,27588,C12H6Cl4,292.0,C1=CC(=C(C(=C1)Cl)C2=C(C=CC=C2Cl)Cl)Cl,C1=CC(=C(C(=C1)Cl)C2=C(C=CC=C2Cl)Cl)Cl,"1,3-dichloro-2-(2,6-dichlorophenyl)benzene",5.9,291.919411,289.922361,0,0,0,186.7
"2,3,3',4-Tetrachlorobiphenyl",74338-24-2,55,Congener,63102,C12H6Cl4,292.0,C1=CC(=CC(=C1)Cl)C2=C(C(=C(C=C2)Cl)Cl)Cl,C1=CC(=CC(=C1)Cl)C2=C(C(=C(C=C2)Cl)Cl)Cl,"1,2,3-trichloro-4-(3-chlorophenyl)benzene",6.2,291.919411,289.922361,0,0,0,186.6
"2,3,3',4'-Tetrachlorobiphenyl",41464-43-1,56,Congener,38879,C12H6Cl4,292.0,C1=CC(=C(C(=C1)Cl)Cl)C2=CC(=C(C=C2)Cl)Cl,C1=CC(=C(C(=C1)Cl)Cl)C2=CC(=C(C=C2)Cl)Cl,"1,2-dichloro-3-(3,4-dichlorophenyl)benzene",6,291.919411,289.922361,0,0,0,186.7
"2,3,3',5-Tetrachlorobiphenyl",70424-67-8,57,Congener,91705,C12H6Cl4,292.0,C1=CC(=CC(=C1)Cl)C2=C(C(=CC(=C2)Cl)Cl)Cl,C1=CC(=CC(=C1)Cl)C2=C(C(=CC(=C2)Cl)Cl)Cl,"1,2,5-trichloro-3-(3-chlorophenyl)benzene",6.2,291.919411,289.922361,0,0,0,188.2
"2,3,3',5'-Tetrachlorobiphenyl",41464-49-7,58,Congener,63109,C12H6Cl4,292.0,C1=CC(=C(C(=C1)Cl)Cl)C2=CC(=CC(=C2)Cl)Cl,C1=CC(=C(C(=C1)Cl)Cl)C2=CC(=CC(=C2)Cl)Cl,"1,2-dichloro-3-(3,5-dichlorophenyl)benzene",6.2,291.919411,289.922361,0,0,0,188.1
"2,3,3',6-Tetrachlorobiphenyl",74472-33-6,59,Congener,91718,C12H6Cl4,292.0,C1=CC(=CC(=C1)Cl)C2=C(C=CC(=C2Cl)Cl)Cl,C1=CC(=CC(=C1)Cl)C2=C(C=CC(=C2Cl)Cl)Cl,"1,2,4-trichloro-3-(3-chlorophenyl)benzene",6.3,291.919411,289.922361,0,0,0,187.6
"2,3,4,4'-Tetrachlorobiphenyl",33025-41-1,60,Congener,36304,C12H6Cl4,292.0,C1=CC(=CC=C1C2=C(C(=C(C=C2)Cl)Cl)Cl)Cl,C1=CC(=CC=C1C2=C(C(=C(C=C2)Cl)Cl)Cl)Cl,"1,2,3-trichloro-4-(4-chlorophenyl)benzene",6.5,291.919411,289.922361,0,0,0,185.4
"2,3,4,5-Tetrachlorobiphenyl",33284-53-6,61,Congener,36401,C12H6Cl4,292.0,C1=CC=C(C=C1)C2=CC(=C(C(=C2Cl)Cl)Cl)Cl,C1=CC=C(C=C1)C2=CC(=C(C(=C2Cl)Cl)Cl)Cl,"1,2,3,4-tetrachloro-5-phenylbenzene",6.4,291.919411,289.922361,0,0,0,186.4
"2,3,4,6-Tetrachlorobiphenyl",54230-22-7,62,Congener,63105,C12H6Cl4,292.0,C1=CC=C(C=C1)C2=C(C(=C(C=C2Cl)Cl)Cl)Cl,C1=CC=C(C=C1)C2=C(C(=C(C=C2Cl)Cl)Cl)Cl,"1,2,3,5-tetrachloro-4-phenylbenzene",5.8,291.919411,289.922361,0,0,0,186.1
"2,3,4',5-Tetrachlorobiphenyl",74472-34-7,63,Congener,53035,C12H6Cl4,292.0,C1=CC(=CC=C1C2=C(C(=CC(=C2)Cl)Cl)Cl)Cl,C1=CC(=CC=C1C2=C(C(=CC(=C2)Cl)Cl)Cl)Cl,"1,2,5-trichloro-3-(4-chlorophenyl)benzene",6.2,291.919411,289.922361,0,0,0,187
"2,3,4',6-Tetrachlorobiphenyl",52663-58-8,64,Congener,63110,C12H6Cl4,292.0,C1=CC(=CC=C1C2=C(C=CC(=C2Cl)Cl)Cl)Cl,C1=CC(=CC=C1C2=C(C=CC(=C2Cl)Cl)Cl)Cl,"1,2,4-trichloro-3-(4-chlorophenyl)benzene",6.3,291.919411,289.922361,0,0,0,186.4
"2,3,5,6-Tetrachlorobiphenyl",33284-54-7,65,Congener,36402,C12H6Cl4,292.0,C1=CC=C(C=C1)C2=C(C(=CC(=C2Cl)Cl)Cl)Cl,C1=CC=C(C=C1)C2=C(C(=CC(=C2Cl)Cl)Cl)Cl,"1,2,4,5-tetrachloro-3-phenylbenzene",5.9,291.919411,289.922361,0,0,0,187.3
"2,3',4,4'-Tetrachlorobiphenyl",32598-10-0,66,Congener,36185,C12H6Cl4,292.0,C1=CC(=C(C=C1C2=C(C=C(C=C2)Cl)Cl)Cl)Cl,C1=CC(=C(C=C1C2=C(C=C(C=C2)Cl)Cl)Cl)Cl,"1,2-dichloro-4-(2,4-dichlorophenyl)benzene",6.3,291.919411,289.922361,0,0,0,185.8
"2,3',4,5-Tetrachlorobiphenyl",73575-53-8,67,Congener,91717,C12H6Cl4,292.0,C1=CC(=CC(=C1)Cl)C2=CC(=C(C=C2Cl)Cl)Cl,C1=CC(=CC(=C1)Cl)C2=CC(=C(C=C2Cl)Cl)Cl,"1,2,4-trichloro-5-(3-chlorophenyl)benzene",6.5,291.919411,289.922361,0,0,0,187
"2,3',4,5'-Tetrachlorobiphenyl",73575-52-7,68,Congener,51821,C12H6Cl4,292.0,C1=CC(=C(C=C1Cl)Cl)C2=CC(=CC(=C2)Cl)Cl,C1=CC(=C(C=C1Cl)Cl)C2=CC(=CC(=C2)Cl)Cl,"1,3-dichloro-5-(2,4-dichlorophenyl)benzene",6.6,291.919411,289.922361,0,0,0,187.2
"2,3',4,6-Tetrachlorobiphenyl",60233-24-1,69,Congener,91674,C12H6Cl4,292.0,C1=CC(=CC(=C1)Cl)C2=C(C=C(C=C2Cl)Cl)Cl,C1=CC(=CC(=C1)Cl)C2=C(C=C(C=C2Cl)Cl)Cl,"1,3,5-trichloro-2-(3-chlorophenyl)benzene",6.3,291.919411,289.922361,0,0,0,186.7
"2,3',4',5-Tetrachlorobiphenyl",32598-11-1,70,Congener,36186,C12H6Cl4,292.0,C1=CC(=C(C=C1C2=C(C=CC(=C2)Cl)Cl)Cl)Cl,C1=CC(=C(C=C1C2=C(C=CC(=C2)Cl)Cl)Cl)Cl,"1,2-dichloro-4-(2,5-dichlorophenyl)benzene",6.2,291.919411,289.922361,0,0,0,187
"2,3',4',6-Tetrachlorobiphenyl",41464-46-4,71,Congener,38880,C12H6Cl4,292.0,C1=CC(=C(C(=C1)Cl)C2=CC(=C(C=C2)Cl)Cl)Cl,C1=CC(=C(C(=C1)Cl)C2=CC(=C(C=C2)Cl)Cl)Cl,"1,2-dichloro-4-(2,6-dichlorophenyl)benzene",6.5,291.919411,289.922361,0,0,0,186.4
"2,3',5,5'-Tetrachlorobiphenyl",41464-42-0,72,Congener,38878,C12H6Cl4,292.0,C1=CC(=C(C=C1Cl)C2=CC(=CC(=C2)Cl)Cl)Cl,C1=CC(=C(C=C1Cl)C2=CC(=CC(=C2)Cl)Cl)Cl,"1,3-dichloro-5-(2,5-dichlorophenyl)benzene",6.4,291.919411,289.922361,0,0,0,188.5
"2,3',5',6-Tetrachlorobiphenyl",74338-23-1,73,Congener,63100,C12H6Cl4,292.0,C1=CC(=C(C(=C1)Cl)C2=CC(=CC(=C2)Cl)Cl)Cl,C1=CC(=C(C(=C1)Cl)C2=CC(=CC(=C2)Cl)Cl)Cl,"1,3-dichloro-2-(3,5-dichlorophenyl)benzene",6.1,291.919411,289.922361,0,0,0,187.9
"2,4,4',5-Tetrachlorobiphenyl",32690-93-0,74,Congener,36218,C12H6Cl4,292.0,C1=CC(=CC=C1C2=CC(=C(C=C2Cl)Cl)Cl)Cl,C1=CC(=CC=C1C2=CC(=C(C=C2Cl)Cl)Cl)Cl,"1,2,4-trichloro-5-(4-chlorophenyl)benzene",6.7,291.919411,289.922361,0,0,0,185.8
"2,4,4',6-Tetrachlorobiphenyl",32598-12-2,75,Congener,63107,C12H6Cl4,292.0,C1=CC(=CC=C1C2=C(C=C(C=C2Cl)Cl)Cl)Cl,C1=CC(=CC=C1C2=C(C=C(C=C2Cl)Cl)Cl)Cl,"1,3,5-trichloro-2-(4-chlorophenyl)benzene",6.3,291.919411,289.922361,0,0,0,185.5
"2,3',4',5'-Tetrachlorobiphenyl",70362-48-0,76,Congener,51042,C12H6Cl4,292.0,C1=CC=C(C(=C1)C2=CC(=C(C(=C2)Cl)Cl)Cl)Cl,C1=CC=C(C(=C1)C2=CC(=C(C(=C2)Cl)Cl)Cl)Cl,"1,2,3-trichloro-5-(2-chlorophenyl)benzene",6.5,291.919411,289.922361,0,0,0,186.6
"3,3',4,4'-Tetrachlorobiphenyl",32598-13-3,77,Congener,36187,C12H6Cl4,292.0,C1=CC(=C(C=C1C2=CC(=C(C=C2)Cl)Cl)Cl)Cl,C1=CC(=C(C=C1C2=CC(=C(C=C2)Cl)Cl)Cl)Cl,"1,2-dichloro-4-(3,4-dichlorophenyl)benzene",6.6,291.919411,289.922361,0,0,0,185.8
"3,3',4,5-Tetrachlorobiphenyl",70362-49-1,78,Congener,63101,C12H6Cl4,292.0,C1=CC(=CC(=C1)Cl)C2=CC(=C(C(=C2)Cl)Cl)Cl,C1=CC(=CC(=C1)Cl)C2=CC(=C(C(=C2)Cl)Cl)Cl,"1,2,3-trichloro-5-(3-chlorophenyl)benzene",6.1,291.919411,289.922361,0,0,0,186.9
"3,3',4,5'-Tetrachlorobiphenyl",41464-48-6,79,Congener,63104,C12H6Cl4,292.0,C1=CC(=C(C=C1C2=CC(=CC(=C2)Cl)Cl)Cl)Cl,C1=CC(=C(C=C1C2=CC(=CC(=C2)Cl)Cl)Cl)Cl,"1,2-dichloro-4-(3,5-dichlorophenyl)benzene",6.5,291.919411,289.922361,0,0,0,187.3
"3,3',5,5'-Tetrachlorobiphenyl",33284-52-5,80,Congener,36400,C12H6Cl4,292.0,C1=C(C=C(C=C1Cl)Cl)C2=CC(=CC(=C2)Cl)Cl,C1=C(C=C(C=C1Cl)Cl)C2=CC(=CC(=C2)Cl)Cl,"1,3-dichloro-5-(3,5-dichlorophenyl)benzene",6.1,291.919411,289.922361,0,0,0,188.7
"3,4,4',5-Tetrachlorobiphenyl",70362-50-4,81,Congener,51043,C12H6Cl4,292.0,C1=CC(=CC=C1C2=CC(=C(C(=C2)Cl)Cl)Cl)Cl,C1=CC(=CC=C1C2=CC(=C(C(=C2)Cl)Cl)Cl)Cl,"1,2,3-trichloro-5-(4-chlorophenyl)benzene",6.6,291.919411,289.922361,0,0,0,185.7
"2,2',3,3',4-Pentachlorobiphenyl",52663-62-4,82,Congener,40470,C12H5Cl5,326.4,C1=CC(=C(C(=C1)Cl)Cl)C2=C(C(=C(C=C2)Cl)Cl)Cl,C1=CC(=C(C(=C1)Cl)Cl)C2=C(C(=C(C=C2)Cl)Cl)Cl,"1,2,3-trichloro-4-(2,3-dichlorophenyl)benzene",6.7,325.880439,323.883389,0,0,0,200.8
"2,2',3,3',5-Pentachlorobiphenyl",60145-20-2,83,Congener,63093,C12H5Cl5,326.4,C1=CC(=C(C(=C1)Cl)Cl)C2=C(C(=CC(=C2)Cl)Cl)Cl,C1=CC(=C(C(=C1)Cl)Cl)C2=C(C(=CC(=C2)Cl)Cl)Cl,"1,2,5-trichloro-3-(2,3-dichlorophenyl)benzene",6.8,325.880439,323.883389,0,0,0,202.3
"2,2',3,3',6-Pentachlorobiphenyl",52663-60-2,84,Congener,40468,C12H5Cl5,326.4,C1=CC(=C(C(=C1)Cl)Cl)C2=C(C=CC(=C2Cl)Cl)Cl,C1=CC(=C(C(=C1)Cl)Cl)C2=C(C=CC(=C2Cl)Cl)Cl,"1,2,4-trichloro-3-(2,3-dichlorophenyl)benzene",6,325.880439,323.883389,0,0,0,201.7
"2,2',3,4,4'-Pentachlorobiphenyl",65510-45-4,85,Congener,47651,C12H5Cl5,326.4,C1=CC(=C(C=C1Cl)Cl)C2=C(C(=C(C=C2)Cl)Cl)Cl,C1=CC(=C(C=C1Cl)Cl)C2=C(C(=C(C=C2)Cl)Cl)Cl,"1,2,3-trichloro-4-(2,4-dichlorophenyl)benzene",6.6,325.880439,323.883389,0,0,0,200.1
"2,2',3,4,5-Pentachlorobiphenyl",55312-69-1,86,Congener,41404,C12H5Cl5,326.4,C1=CC=C(C(=C1)C2=CC(=C(C(=C2Cl)Cl)Cl)Cl)Cl,C1=CC=C(C(=C1)C2=CC(=C(C(=C2Cl)Cl)Cl)Cl)Cl,"1,2,3,4-tetrachloro-5-(2-chlorophenyl)benzene",6.7,325.880439,323.883389,0,0,0,200.9
"2,2',3,4,5'-Pentachlorobiphenyl",38380-02-8,87,Congener,38014,C12H5Cl5,326.4,C1=CC(=C(C=C1Cl)C2=C(C(=C(C=C2)Cl)Cl)Cl)Cl,C1=CC(=C(C=C1Cl)C2=C(C(=C(C=C2)Cl)Cl)Cl)Cl,"1,2,3-trichloro-4-(2,5-dichlorophenyl)benzene",6.4,325.880439,323.883389,0,0,0,201.2
"2,2',3,4,6-Pentachlorobiphenyl",55215-17-3,88,Congener,41362,C12H5Cl5,326.4,C1=CC=C(C(=C1)C2=C(C(=C(C=C2Cl)Cl)Cl)Cl)Cl,C1=CC=C(C(=C1)C2=C(C(=C(C=C2Cl)Cl)Cl)Cl)Cl,"1,2,3,5-tetrachloro-4-(2-chlorophenyl)benzene",6.3,325.880439,323.883389,0,0,0,200.5
"2,2',3,4,6'-Pentachlorobiphenyl",73575-57-2,89,Congener,51822,C12H5Cl5,326.4,C1=CC(=C(C(=C1)Cl)C2=C(C(=C(C=C2)Cl)Cl)Cl)Cl,C1=CC(=C(C(=C1)Cl)C2=C(C(=C(C=C2)Cl)Cl)Cl)Cl,"1,2,3-trichloro-4-(2,6-dichlorophenyl)benzene",6.3,325.880439,323.883389,0,0,0,200.4
"2,2',3,4',5-Pentachlorobiphenyl",68194-07-0,90,Congener,50100,C12H5Cl5,326.4,C1=CC(=C(C=C1Cl)Cl)C2=C(C(=CC(=C2)Cl)Cl)Cl,C1=CC(=C(C=C1Cl)Cl)C2=C(C(=CC(=C2)Cl)Cl)Cl,"1,2,5-trichloro-3-(2,4-dichlorophenyl)benzene",6.8,325.880439,323.883389,0,0,0,201.5
"2,2',3,4',6-Pentachlorobiphenyl",68194-05-8,91,Congener,50099,C12H5Cl5,326.4,C1=CC(=C(C=C1Cl)Cl)C2=C(C=CC(=C2Cl)Cl)Cl,C1=CC(=C(C=C1Cl)Cl)C2=C(C=CC(=C2Cl)Cl)Cl,"1,2,4-trichloro-3-(2,4-dichlorophenyl)benzene",6.3,325.880439,323.883389,0,0,0,200.8
"2,2',3,4',6-Pentachlorobiphenyl",68194-05-8,91,Congener,50099,C12H5Cl5,326.4,C1=CC(=C(C=C1Cl)Cl)C2=C(C=CC(=C2Cl)Cl)Cl,C1=CC(=C(C=C1Cl)Cl)C2=C(C=CC(=C2Cl)Cl)Cl,"1,2,4-trichloro-3-(2,4-dichlorophenyl)benzene",6.3,325.880439,323.883389,0,0,0,200.8
"2,2',3,4',6-Pentachlorobiphenyl",68194-05-8,91,Congener,50099,C12H5Cl5,326.4,C1=CC(=C(C=C1Cl)Cl)C2=C(C=CC(=C2Cl)Cl)Cl,C1=CC(=C(C=C1Cl)Cl)C2=C(C=CC(=C2Cl)Cl)Cl,"1,2,4-trichloro-3-(2,4-dichlorophenyl)benzene",6.3,325.880439,323.883389,0,0,0,200.8
"2,2',3,4',6-Pentachlorobiphenyl",68194-05-8,91,Congener,50099,C12H5Cl5,326.4,C1=CC(=C(C=C1Cl)Cl)C2=C(C=CC(=C2Cl)Cl)Cl,C1=CC(=C(C=C1Cl)Cl)C2=C(C=CC(=C2Cl)Cl)Cl,"1,2,4-trichloro-3-(2,4-dichlorophenyl)benzene",6.3,325.880439,323.883389,0,0,0,200.8
"2,2',3,5,5'-Pentachlorobiphenyl",52663-61-3,92,Congener,40469,C12H5Cl5,326.4,C1=CC(=C(C=C1Cl)C2=C(C(=CC(=C2)Cl)Cl)Cl)Cl,C1=CC(=C(C=C1Cl)C2=C(C(=CC(=C2)Cl)Cl)Cl)Cl,"1,2,5-trichloro-3-(2,5-dichlorophenyl)benzene",7,325.880439,323.883389,0,0,0,202.7
"2,2',3,5,6-Pentachlorobiphenyl",73575-56-1,93,Congener,63084,C12H5Cl5,326.4,C1=CC=C(C(=C1)C2=C(C(=CC(=C2Cl)Cl)Cl)Cl)Cl,C1=CC=C(C(=C1)C2=C(C(=CC(=C2Cl)Cl)Cl)Cl)Cl,"1,2,4,5-tetrachloro-3-(2-chlorophenyl)benzene",6.2,325.880439,323.883389,0,0,0,201.6
"2,2',3,5,6'-Pentachlorobiphenyl",73575-55-0,94,Congener,63095,C12H5Cl5,326.4,C1=CC(=C(C(=C1)Cl)C2=C(C(=CC(=C2)Cl)Cl)Cl)Cl,C1=CC(=C(C(=C1)Cl)C2=C(C(=CC(=C2)Cl)Cl)Cl)Cl,"1,2,5-trichloro-3-(2,6-dichlorophenyl)benzene",6.2,325.880439,323.883389,0,0,0,202
"2,2',3,5',6-Pentachlorobiphenyl",38379-99-6,95,Congener,38012,C12H5Cl5,326.4,C1=CC(=C(C=C1Cl)C2=C(C=CC(=C2Cl)Cl)Cl)Cl,C1=CC(=C(C=C1Cl)C2=C(C=CC(=C2Cl)Cl)Cl)Cl,"1,2,4-trichloro-3-(2,5-dichlorophenyl)benzene",6.5,325.880439,323.883389,0,0,0,202
"2,2',3,6,6'-Pentachlorobiphenyl",73575-54-9,96,Congener,63089,C12H5Cl5,326.4,C1=CC(=C(C(=C1)Cl)C2=C(C=CC(=C2Cl)Cl)Cl)Cl,C1=CC(=C(C(=C1)Cl)C2=C(C=CC(=C2Cl)Cl)Cl)Cl,"1,2,4-trichloro-3-(2,6-dichlorophenyl)benzene",6.1,325.880439,323.883389,0,0,0,201.4
"2,2',3,4',5'-Pentachlorobiphenyl",41464-51-1,97,Congener,38881,C12H5Cl5,326.4,C1=CC(=C(C(=C1)Cl)Cl)C2=CC(=C(C=C2Cl)Cl)Cl,C1=CC(=C(C(=C1)Cl)Cl)C2=CC(=C(C=C2Cl)Cl)Cl,"1,2,4-trichloro-5-(2,3-dichlorophenyl)benzene",6.7,325.880439,323.883389,0,0,0,201.2
"2,2',3,4',6'-Pentachlorobiphenyl",60233-25-2,98,Congener,43238,C12H5Cl5,326.4,C1=CC(=C(C(=C1)Cl)Cl)C2=C(C=C(C=C2Cl)Cl)Cl,C1=CC(=C(C(=C1)Cl)Cl)C2=C(C=C(C=C2Cl)Cl)Cl,"1,3,5-trichloro-2-(2,3-dichlorophenyl)benzene",6.3,325.880439,323.883389,0,0,0,200.7
"2,2',4,4',5-Pentachlorobiphenyl",38380-01-7,99,Congener,38013,C12H5Cl5,326.4,C1=CC(=C(C=C1Cl)Cl)C2=CC(=C(C=C2Cl)Cl)Cl,C1=CC(=C(C=C1Cl)Cl)C2=CC(=C(C=C2Cl)Cl)Cl,"1,2,4-trichloro-5-(2,4-dichlorophenyl)benzene",7.2,325.880439,323.883389,0,0,0,200.5
"2,2',4,4',6-Pentachlorobiphenyl",39485-83-1,100,Congener,38277,C12H5Cl5,326.4,C1=CC(=C(C=C1Cl)Cl)C2=C(C=C(C=C2Cl)Cl)Cl,C1=CC(=C(C=C1Cl)Cl)C2=C(C=C(C=C2Cl)Cl)Cl,"1,3,5-trichloro-2-(2,4-dichlorophenyl)benzene",6.3,325.880439,323.883389,0,0,0,199.9
"2,2',4,5,5'-Pentachlorobiphenyl",37680-73-2,101,Congener,37807,C12H5Cl5,326.4,C1=CC(=C(C=C1Cl)C2=CC(=C(C=C2Cl)Cl)Cl)Cl,C1=CC(=C(C=C1Cl)C2=CC(=C(C=C2Cl)Cl)Cl)Cl,"1,2,4-trichloro-5-(2,5-dichlorophenyl)benzene",6.5,325.880439,323.883389,0,0,0,201.7
"2,2',4,5,6'-Pentachlorobiphenyl",68194-06-9,102,Congener,63096,C12H5Cl5,326.4,C1=CC(=C(C(=C1)Cl)C2=CC(=C(C=C2Cl)Cl)Cl)Cl,C1=CC(=C(C(=C1)Cl)C2=CC(=C(C=C2Cl)Cl)Cl)Cl,"1,2,4-trichloro-5-(2,6-dichlorophenyl)benzene",6.3,325.880439,323.883389,0,0,0,200.8
"2,2',4,5',6-Pentachlorobiphenyl",60145-21-3,103,Congener,63086,C12H5Cl5,326.4,C1=CC(=C(C=C1Cl)C2=C(C=C(C=C2Cl)Cl)Cl)Cl,C1=CC(=C(C=C1Cl)C2=C(C=C(C=C2Cl)Cl)Cl)Cl,"1,3,5-trichloro-2-(2,5-dichlorophenyl)benzene",6.2,325.880439,323.883389,0,0,0,201.1
"2,2',4,6,6'-Pentachlorobiphenyl",56558-16-8,104,Congener,91662,C12H5Cl5,326.4,C1=CC(=C(C(=C1)Cl)C2=C(C=C(C=C2Cl)Cl)Cl)Cl,C1=CC(=C(C(=C1)Cl)C2=C(C=C(C=C2Cl)Cl)Cl)Cl,"1,3,5-trichloro-2-(2,6-dichlorophenyl)benzene",5.8,325.880439,323.883389,0,0,0,200.5
"2,3,3',4,4'-Pentachlorobiphenyl",32598-14-4,105,Congener,36188,C12H5Cl5,326.4,C1=CC(=C(C=C1C2=C(C(=C(C=C2)Cl)Cl)Cl)Cl)Cl,C1=CC(=C(C=C1C2=C(C(=C(C=C2)Cl)Cl)Cl)Cl)Cl,"1,2,3-trichloro-4-(3,4-dichlorophenyl)benzene",6.6,325.880439,323.883389,0,0,0,200.2
"2,3,3',4,5-Pentachlorobiphenyl",70424-69-0,106,Congener,51075,C12H5Cl5,326.4,C1=CC(=CC(=C1)Cl)C2=CC(=C(C(=C2Cl)Cl)Cl)Cl,C1=CC(=CC(=C1)Cl)C2=CC(=C(C(=C2Cl)Cl)Cl)Cl,"1,2,3,4-tetrachloro-5-(3-chlorophenyl)benzene",6.9,325.880439,323.883389,0,0,0,201.3
"2,3,3',4',5-Pentachlorobiphenyl",70424-68-9,107,Congener,51074,C12H5Cl5,326.4,C1=CC(=C(C=C1C2=C(C(=CC(=C2)Cl)Cl)Cl)Cl)Cl,C1=CC(=C(C=C1C2=C(C(=CC(=C2)Cl)Cl)Cl)Cl)Cl,"1,2,5-trichloro-3-(3,4-dichlorophenyl)benzene",6.9,325.880439,323.883389,0,0,0,201.7
"2,3,3',4,5'-Pentachlorobiphenyl",70362-41-3,108,Congener,91704,C12H5Cl5,326.4,C1=CC(=C(C(=C1C2=CC(=CC(=C2)Cl)Cl)Cl)Cl)Cl,C1=CC(=C(C(=C1C2=CC(=CC(=C2)Cl)Cl)Cl)Cl)Cl,"1,2,3-trichloro-4-(3,5-dichlorophenyl)benzene",7,325.880439,323.883389,0,0,0,201.6
"2,3,3',4,6-Pentachlorobiphenyl",74472-35-8,109,Congener,93440,C12H5Cl5,326.4,C1=CC(=CC(=C1)Cl)C2=C(C(=C(C=C2Cl)Cl)Cl)Cl,C1=CC(=CC(=C1)Cl)C2=C(C(=C(C=C2Cl)Cl)Cl)Cl,"1,2,3,5-tetrachloro-4-(3-chlorophenyl)benzene",6.6,325.880439,323.883389,0,0,0,201.1
"2,3,3',4',6-Pentachlorobiphenyl",38380-03-9,110,Congener,38015,C12H5Cl5,326.4,C1=CC(=C(C=C1C2=C(C=CC(=C2Cl)Cl)Cl)Cl)Cl,C1=CC(=C(C=C1C2=C(C=CC(=C2Cl)Cl)Cl)Cl)Cl,"1,2,4-trichloro-3-(3,4-dichlorophenyl)benzene",6.6,325.880439,323.883389,0,0,0,201.1
"2,3,3',5,5'-Pentachlorobiphenyl",39635-32-0,111,Congener,63091,C12H5Cl5,326.4,C1=C(C=C(C=C1Cl)Cl)C2=C(C(=CC(=C2)Cl)Cl)Cl,C1=C(C=C(C=C1Cl)Cl)C2=C(C(=CC(=C2)Cl)Cl)Cl,"1,2,5-trichloro-3-(3,5-dichlorophenyl)benzene",6.8,325.880439,323.883389,0,0,0,203.1
"2,3,3',5,6-Pentachlorobiphenyl",74472-36-9,112,Congener,91719,C12H5Cl5,326.4,C1=CC(=CC(=C1)Cl)C2=C(C(=CC(=C2Cl)Cl)Cl)Cl,C1=CC(=CC(=C1)Cl)C2=C(C(=CC(=C2Cl)Cl)Cl)Cl,"1,2,4,5-tetrachloro-3-(3-chlorophenyl)benzene",6.7,325.880439,323.883389,0,0,0,202.3
"2,3,3',5',6-Pentachlorobiphenyl",68194-10-5,113,Congener,63087,C12H5Cl5,326.4,C1=CC(=C(C(=C1Cl)C2=CC(=CC(=C2)Cl)Cl)Cl)Cl,C1=CC(=C(C(=C1Cl)C2=CC(=CC(=C2)Cl)Cl)Cl)Cl,"1,2,4-trichloro-3-(3,5-dichlorophenyl)benzene",6.6,325.880439,323.883389,0,0,0,202.6
"2,3,4,4',5-Pentachlorobiphenyl",74472-37-0,114,Congener,53036,C12H5Cl5,326.4,C1=CC(=CC=C1C2=CC(=C(C(=C2Cl)Cl)Cl)Cl)Cl,C1=CC(=CC=C1C2=CC(=C(C(=C2Cl)Cl)Cl)Cl)Cl,"1,2,3,4-tetrachloro-5-(4-chlorophenyl)benzene",7,325.880439,323.883389,0,0,0,200.1
"2,3,4,4',6-Pentachlorobiphenyl",74472-38-1,115,Congener,91720,C12H5Cl5,326.4,C1=CC(=CC=C1C2=C(C(=C(C=C2Cl)Cl)Cl)Cl)Cl,C1=CC(=CC=C1C2=C(C(=C(C=C2Cl)Cl)Cl)Cl)Cl,"1,2,3,5-tetrachloro-4-(4-chlorophenyl)benzene",6.6,325.880439,323.883389,0,0,0,199.9
"2,3,4,5,6-Pentachlorobiphenyl",18259-05-7,116,Congener,17348,C12H5Cl5,326.4,C1=CC=C(C=C1)C2=C(C(=C(C(=C2Cl)Cl)Cl)Cl)Cl,C1=CC=C(C=C1)C2=C(C(=C(C(=C2Cl)Cl)Cl)Cl)Cl,"1,2,3,4,5-pentachloro-6-phenylbenzene",6.7,325.880439,323.883389,0,0,0,200.4
"2,3,4',5,6-Pentachlorobiphenyl",68194-11-6,117,Congener,63094,C12H5Cl5,326.4,C1=CC(=CC=C1C2=C(C(=CC(=C2Cl)Cl)Cl)Cl)Cl,C1=CC(=CC=C1C2=C(C(=CC(=C2Cl)Cl)Cl)Cl)Cl,"1,2,4,5-tetrachloro-3-(4-chlorophenyl)benzene",6.5,325.880439,323.883389,0,0,0,201.1
"2,3',4,4',5-Pentachlorobiphenyl",31508-00-6,118,Congener,35823,C12H5Cl5,326.4,C1=CC(=C(C=C1C2=CC(=C(C=C2Cl)Cl)Cl)Cl)Cl,C1=CC(=C(C=C1C2=CC(=C(C=C2Cl)Cl)Cl)Cl)Cl,"1,2,4-trichloro-5-(3,4-dichlorophenyl)benzene",7.1,325.880439,323.883389,0,0,0,200.5
"2,3',4,4',6-Pentachlorobiphenyl",56558-17-9,119,Congener,63083,C12H5Cl5,326.4,C1=CC(=C(C=C1C2=C(C=C(C=C2Cl)Cl)Cl)Cl)Cl,C1=CC(=C(C=C1C2=C(C=C(C=C2Cl)Cl)Cl)Cl)Cl,"1,3,5-trichloro-2-(3,4-dichlorophenyl)benzene",6.6,325.880439,323.883389,0,0,0,200.3
"2,3',4,5,5'-Pentachlorobiphenyl",68194-12-7,120,Congener,50101,C12H5Cl5,326.4,C1=C(C=C(C=C1Cl)Cl)C2=CC(=C(C=C2Cl)Cl)Cl,C1=C(C=C(C=C1Cl)Cl)C2=CC(=C(C=C2Cl)Cl)Cl,"1,2,4-trichloro-5-(3,5-dichlorophenyl)benzene",6.9,325.880439,323.883389,0,0,0,202
"2,3',4,5',6-Pentachlorobiphenyl",56558-18-0,121,Congener,63092,C12H5Cl5,326.4,C1=C(C=C(C=C1Cl)Cl)C2=C(C=C(C=C2Cl)Cl)Cl,C1=C(C=C(C=C1Cl)Cl)C2=C(C=C(C=C2Cl)Cl)Cl,"1,3,5-trichloro-2-(3,5-dichlorophenyl)benzene",6.5,325.880439,323.883389,0,0,0,201.7
"2,3,3',4',5'-Pentachlorobiphenyl",76842-07-4,122,Congener,91728,C12H5Cl5,326.4,C1=CC(=C(C(=C1)Cl)Cl)C2=CC(=C(C(=C2)Cl)Cl)Cl,C1=CC(=C(C(=C1)Cl)Cl)C2=CC(=C(C(=C2)Cl)Cl)Cl,"1,2,3-trichloro-5-(2,3-dichlorophenyl)benzene",7,325.880439,323.883389,0,0,0,201.3
"2,3',4,4',5'-Pentachlorobiphenyl",65510-44-3,123,Congener,47650,C12H5Cl5,326.4,C1=CC(=C(C=C1Cl)Cl)C2=CC(=C(C(=C2)Cl)Cl)Cl,C1=CC(=C(C=C1Cl)Cl)C2=CC(=C(C(=C2)Cl)Cl)Cl,"1,2,3-trichloro-5-(2,4-dichlorophenyl)benzene",6.9,325.880439,323.883389,0,0,0,200.4
"2,3',4',5,5'-Pentachlorobiphenyl",70424-70-3,124,Congener,63088,C12H5Cl5,326.4,C1=CC(=C(C=C1Cl)C2=CC(=C(C(=C2)Cl)Cl)Cl)Cl,C1=CC(=C(C=C1Cl)C2=CC(=C(C(=C2)Cl)Cl)Cl)Cl,"1,2,3-trichloro-5-(2,5-dichlorophenyl)benzene",6.9,325.880439,323.883389,0,0,0,201.7
"2,3',4',5',6-Pentachlorobiphenyl",74472-39-2,125,Congener,93441,C12H5Cl5,326.4,C1=CC(=C(C(=C1)Cl)C2=CC(=C(C(=C2)Cl)Cl)Cl)Cl,C1=CC(=C(C(=C1)Cl)C2=CC(=C(C(=C2)Cl)Cl)Cl)Cl,"1,2,3-trichloro-5-(2,6-dichlorophenyl)benzene",6.5,325.880439,323.883389,0,0,0,201.1
"3,3',4,4',5-Pentachlorobiphenyl",57465-28-8,126,Congener,63090,C12H5Cl5,326.4,C1=CC(=C(C=C1C2=CC(=C(C(=C2)Cl)Cl)Cl)Cl)Cl,C1=CC(=C(C=C1C2=CC(=C(C(=C2)Cl)Cl)Cl)Cl)Cl,"1,2,3-trichloro-5-(3,4-dichlorophenyl)benzene",7.3,325.880439,323.883389,0,0,0,200.5
"3,3',4,5,5'-Pentachlorobiphenyl",39635-33-1,127,Congener,63085,C12H5Cl5,326.4,C1=C(C=C(C=C1Cl)Cl)C2=CC(=C(C(=C2)Cl)Cl)Cl,C1=C(C=C(C=C1Cl)Cl)C2=CC(=C(C(=C2)Cl)Cl)Cl,"1,2,3-trichloro-5-(3,5-dichlorophenyl)benzene",6.8,325.880439,323.883389,0,0,0,201.9
"2,2',3,3',4,4'-Hexachlorobiphenyl",38380-07-3,128,Congener,38018,C12H4Cl6,360.9,C1=CC(=C(C(=C1C2=C(C(=C(C=C2)Cl)Cl)Cl)Cl)Cl)Cl,C1=CC(=C(C(=C1C2=C(C(=C(C=C2)Cl)Cl)Cl)Cl)Cl)Cl,"1,2,3-trichloro-4-(2,3,4-trichlorophenyl)benzene",7.3,359.841466,357.844416,0,0,0,214.2
"2,2',3,3',4,5-Hexachlorobiphenyl",55215-18-4,129,Congener,41363,C12H4Cl6,360.9,C1=CC(=C(C(=C1)Cl)Cl)C2=CC(=C(C(=C2Cl)Cl)Cl)Cl,C1=CC(=C(C(=C1)Cl)Cl)C2=CC(=C(C(=C2Cl)Cl)Cl)Cl,"1,2,3,4-tetrachloro-5-(2,3-dichlorophenyl)benzene",7.3,359.841466,357.844416,0,0,0,215.5
"2,2',3,3',4,5'-Hexachlorobiphenyl",52663-66-8,130,Congener,40473,C12H4Cl6,360.9,C1=CC(=C(C(=C1C2=C(C(=CC(=C2)Cl)Cl)Cl)Cl)Cl)Cl,C1=CC(=C(C(=C1C2=C(C(=CC(=C2)Cl)Cl)Cl)Cl)Cl)Cl,"1,2,3-trichloro-4-(2,3,5-trichlorophenyl)benzene",7.4,359.841466,357.844416,0,0,0,215.8
"2,2',3,3',4,6-Hexachlorobiphenyl",61798-70-7,131,Congener,91680,C12H4Cl6,360.9,C1=CC(=C(C(=C1)Cl)Cl)C2=C(C(=C(C=C2Cl)Cl)Cl)Cl,C1=CC(=C(C(=C1)Cl)Cl)C2=C(C(=C(C=C2Cl)Cl)Cl)Cl,"1,2,3,5-tetrachloro-4-(2,3-dichlorophenyl)benzene",6.8,359.841466,357.844416,0,0,0,215.1
"2,2',3,3',4,6'-Hexachlorobiphenyl",38380-05-1,132,Congener,38017,C12H4Cl6,360.9,C1=CC(=C(C(=C1C2=C(C=CC(=C2Cl)Cl)Cl)Cl)Cl)Cl,C1=CC(=C(C(=C1C2=C(C=CC(=C2Cl)Cl)Cl)Cl)Cl)Cl,"1,2,3-trichloro-4-(2,3,6-trichlorophenyl)benzene",7,359.841466,357.844416,0,0,0,215.2
"2,2',3,3',5,5'-Hexachlorobiphenyl",35694-04-3,133,Congener,37249,C12H4Cl6,360.9,C1=C(C=C(C(=C1C2=C(C(=CC(=C2)Cl)Cl)Cl)Cl)Cl)Cl,C1=C(C=C(C(=C1C2=C(C(=CC(=C2)Cl)Cl)Cl)Cl)Cl)Cl,"1,2,5-trichloro-3-(2,3,5-trichlorophenyl)benzene",7.1,359.841466,357.844416,0,0,0,217.3
"2,2',3,3',5,6-Hexachlorobiphenyl",52704-70-8,134,Congener,40496,C12H4Cl6,360.9,C1=CC(=C(C(=C1)Cl)Cl)C2=C(C(=CC(=C2Cl)Cl)Cl)Cl,C1=CC(=C(C(=C1)Cl)Cl)C2=C(C(=CC(=C2Cl)Cl)Cl)Cl,"1,2,4,5-tetrachloro-3-(2,3-dichlorophenyl)benzene",6.8,359.841466,357.844416,0,0,0,216.3
"2,2',3,3',5,6'-Hexachlorobiphenyl",52744-13-5,135,Congener,40517,C12H4Cl6,360.9,C1=CC(=C(C(=C1Cl)C2=C(C(=CC(=C2)Cl)Cl)Cl)Cl)Cl,C1=CC(=C(C(=C1Cl)C2=C(C(=CC(=C2)Cl)Cl)Cl)Cl)Cl,"1,2,4-trichloro-3-(2,3,5-trichlorophenyl)benzene",7.1,359.841466,357.844416,0,0,0,216.6
"2,2',3,3',6,6'-Hexachlorobiphenyl",38411-22-2,136,Congener,38024,C12H4Cl6,360.9,C1=CC(=C(C(=C1Cl)C2=C(C=CC(=C2Cl)Cl)Cl)Cl)Cl,C1=CC(=C(C(=C1Cl)C2=C(C=CC(=C2Cl)Cl)Cl)Cl)Cl,"1,2,4-trichloro-3-(2,3,6-trichlorophenyl)benzene",7.1,359.841466,357.844416,0,0,0,216
"2,2',3,4,4',5-Hexachlorobiphenyl",35694-06-5,137,Congener,37250,C12H4Cl6,360.9,C1=CC(=C(C=C1Cl)Cl)C2=CC(=C(C(=C2Cl)Cl)Cl)Cl,C1=CC(=C(C=C1Cl)Cl)C2=CC(=C(C(=C2Cl)Cl)Cl)Cl,"1,2,3,4-tetrachloro-5-(2,4-dichlorophenyl)benzene",7.4,359.841466,357.844416,0,0,0,214.7
"2,2',3,4,4',5'-Hexachlorobiphenyl",35065-28-2,138,Congener,37035,C12H4Cl6,360.9,C1=CC(=C(C(=C1C2=CC(=C(C=C2Cl)Cl)Cl)Cl)Cl)Cl,C1=CC(=C(C(=C1C2=CC(=C(C=C2Cl)Cl)Cl)Cl)Cl)Cl,"1,2,3-trichloro-4-(2,4,5-trichlorophenyl)benzene",7.2,359.841466,357.844416,0,0,0,214.7
"2,2',3,4,4',6-Hexachlorobiphenyl",56030-56-9,139,Congener,63080,C12H4Cl6,360.9,C1=CC(=C(C=C1Cl)Cl)C2=C(C(=C(C=C2Cl)Cl)Cl)Cl,C1=CC(=C(C=C1Cl)Cl)C2=C(C(=C(C=C2Cl)Cl)Cl)Cl,"1,2,3,5-tetrachloro-4-(2,4-dichlorophenyl)benzene",6.9,359.841466,357.844416,0,0,0,214.2
"2,2',3,4,4',6'-Hexachlorobiphenyl",59291-64-4,140,Congener,43004,C12H4Cl6,360.9,C1=CC(=C(C(=C1C2=C(C=C(C=C2Cl)Cl)Cl)Cl)Cl)Cl,C1=CC(=C(C(=C1C2=C(C=C(C=C2Cl)Cl)Cl)Cl)Cl)Cl,"1,2,3-trichloro-4-(2,4,6-trichlorophenyl)benzene",7,359.841466,357.844416,0,0,0,214.2
"2,2',3,4,5,5'-Hexachlorobiphenyl",52712-04-6,141,Congener,40234,C12H4Cl6,360.9,C1=CC(=C(C=C1Cl)C2=CC(=C(C(=C2Cl)Cl)Cl)Cl)Cl,C1=CC(=C(C=C1Cl)C2=CC(=C(C(=C2Cl)Cl)Cl)Cl)Cl,"1,2,3,4-tetrachloro-5-(2,5-dichlorophenyl)benzene",7.2,359.841466,357.844416,0,0,0,215.9
"2,2',3,4,5,6-Hexachlorobiphenyl",41411-61-4,142,Congener,91635,C12H4Cl6,360.9,C1=CC=C(C(=C1)C2=C(C(=C(C(=C2Cl)Cl)Cl)Cl)Cl)Cl,C1=CC=C(C(=C1)C2=C(C(=C(C(=C2Cl)Cl)Cl)Cl)Cl)Cl,"1,2,3,4,5-pentachloro-6-(2-chlorophenyl)benzene",7,359.841466,357.844416,0,0,0,214.9
"2,2',3,4,5,6'-Hexachlorobiphenyl",68194-15-0,143,Congener,63076,C12H4Cl6,360.9,C1=CC(=C(C(=C1)Cl)C2=CC(=C(C(=C2Cl)Cl)Cl)Cl)Cl,C1=CC(=C(C(=C1)Cl)C2=CC(=C(C(=C2Cl)Cl)Cl)Cl)Cl,"1,2,3,4-tetrachloro-5-(2,6-dichlorophenyl)benzene",6.9,359.841466,357.844416,0,0,0,215.1
"2,2',3,4,5',6-Hexachlorobiphenyl",68194-14-9,144,Congener,63071,C12H4Cl6,360.9,C1=CC(=C(C=C1Cl)C2=C(C(=C(C=C2Cl)Cl)Cl)Cl)Cl,C1=CC(=C(C=C1Cl)C2=C(C(=C(C=C2Cl)Cl)Cl)Cl)Cl,"1,2,3,5-tetrachloro-4-(2,5-dichlorophenyl)benzene",6.8,359.841466,357.844416,0,0,0,215.4
"2,2',3,4,6,6'-Hexachlorobiphenyl",74472-40-5,145,Congener,93442,C12H4Cl6,360.9,C1=CC(=C(C(=C1)Cl)C2=C(C(=C(C=C2Cl)Cl)Cl)Cl)Cl,C1=CC(=C(C(=C1)Cl)C2=C(C(=C(C=C2Cl)Cl)Cl)Cl)Cl,"1,2,3,5-tetrachloro-4-(2,6-dichlorophenyl)benzene",6.7,359.841466,357.844416,0,0,0,214.9
"2,2',3,4',5,5'-Hexachlorobiphenyl",51908-16-8,146,Congener,40172,C12H4Cl6,360.9,C1=C(C=C(C(=C1C2=CC(=C(C=C2Cl)Cl)Cl)Cl)Cl)Cl,C1=C(C=C(C(=C1C2=CC(=C(C=C2Cl)Cl)Cl)Cl)Cl)Cl,"1,2,4-trichloro-5-(2,3,5-trichlorophenyl)benzene",7.1,359.841466,357.844416,0,0,0,216.2
"2,2',3,4',5,6-Hexachlorobiphenyl",68194-13-8,147,Congener,63081,C12H4Cl6,360.9,C1=CC(=C(C=C1Cl)Cl)C2=C(C(=CC(=C2Cl)Cl)Cl)Cl,C1=CC(=C(C=C1Cl)Cl)C2=C(C(=CC(=C2Cl)Cl)Cl)Cl,"1,2,4,5-tetrachloro-3-(2,4-dichlorophenyl)benzene",6.9,359.841466,357.844416,0,0,0,215.5
"2,2',3,4',5,6-Hexachlorobiphenyl",68194-13-8,147,Congener,63081,C12H4Cl6,360.9,C1=CC(=C(C=C1Cl)Cl)C2=C(C(=CC(=C2Cl)Cl)Cl)Cl,C1=CC(=C(C=C1Cl)Cl)C2=C(C(=CC(=C2Cl)Cl)Cl)Cl,"1,2,4,5-tetrachloro-3-(2,4-dichlorophenyl)benzene",6.9,359.841466,357.844416,0,0,0,215.5
"2,2',3,4',5,6-Hexachlorobiphenyl",68194-13-8,147,Congener,63081,C12H4Cl6,360.9,C1=CC(=C(C=C1Cl)Cl)C2=C(C(=CC(=C2Cl)Cl)Cl)Cl,C1=CC(=C(C=C1Cl)Cl)C2=C(C(=CC(=C2Cl)Cl)Cl)Cl,"1,2,4,5-tetrachloro-3-(2,4-dichlorophenyl)benzene",6.9,359.841466,357.844416,0,0,0,215.5
"2,2',3,4',5,6-Hexachlorobiphenyl",68194-13-8,147,Congener,63081,C12H4Cl6,360.9,C1=CC(=C(C=C1Cl)Cl)C2=C(C(=CC(=C2Cl)Cl)Cl)Cl,C1=CC(=C(C=C1Cl)Cl)C2=C(C(=CC(=C2Cl)Cl)Cl)Cl,"1,2,4,5-tetrachloro-3-(2,4-dichlorophenyl)benzene",6.9,359.841466,357.844416,0,0,0,215.5
"2,2',3,4',5,6'-Hexachlorobiphenyl",74472-41-6,148,Congener,92391,C12H4Cl6,360.9,C1=C(C=C(C(=C1C2=C(C=C(C=C2Cl)Cl)Cl)Cl)Cl)Cl,C1=C(C=C(C(=C1C2=C(C=C(C=C2Cl)Cl)Cl)Cl)Cl)Cl,"1,2,5-trichloro-3-(2,4,6-trichlorophenyl)benzene",6.9,359.841466,357.844416,0,0,0,215.8
"2,2',3,4',5',6-Hexachlorobiphenyl",38380-04-0,149,Congener,38016,C12H4Cl6,360.9,C1=CC(=C(C(=C1Cl)C2=CC(=C(C=C2Cl)Cl)Cl)Cl)Cl,C1=CC(=C(C(=C1Cl)C2=CC(=C(C=C2Cl)Cl)Cl)Cl)Cl,"1,2,4-trichloro-3-(2,4,5-trichlorophenyl)benzene",7.1,359.841466,357.844416,0,0,0,215.5
"2,2',3,4',6,6'-Hexachlorobiphenyl",68194-13-8,150,Congener,63081,C12H4Cl6,360.9,C1=CC(=C(C=C1Cl)Cl)C2=C(C(=CC(=C2Cl)Cl)Cl)Cl,C1=CC(=C(C=C1Cl)Cl)C2=C(C(=CC(=C2Cl)Cl)Cl)Cl,"1,2,4,5-tetrachloro-3-(2,4-dichlorophenyl)benzene",6.9,359.841466,357.844416,0,0,0,215.5
"2,2',3,4',6,6'-Hexachlorobiphenyl",68194-13-8,150,Congener,63081,C12H4Cl6,360.9,C1=CC(=C(C=C1Cl)Cl)C2=C(C(=CC(=C2Cl)Cl)Cl)Cl,C1=CC(=C(C=C1Cl)Cl)C2=C(C(=CC(=C2Cl)Cl)Cl)Cl,"1,2,4,5-tetrachloro-3-(2,4-dichlorophenyl)benzene",6.9,359.841466,357.844416,0,0,0,215.5
"2,2',3,4',6,6'-Hexachlorobiphenyl",68194-13-8,150,Congener,63081,C12H4Cl6,360.9,C1=CC(=C(C=C1Cl)Cl)C2=C(C(=CC(=C2Cl)Cl)Cl)Cl,C1=CC(=C(C=C1Cl)Cl)C2=C(C(=CC(=C2Cl)Cl)Cl)Cl,"1,2,4,5-tetrachloro-3-(2,4-dichlorophenyl)benzene",6.9,359.841466,357.844416,0,0,0,215.5
"2,2',3,4',6,6'-Hexachlorobiphenyl",68194-13-8,150,Congener,63081,C12H4Cl6,360.9,C1=CC(=C(C=C1Cl)Cl)C2=C(C(=CC(=C2Cl)Cl)Cl)Cl,C1=CC(=C(C=C1Cl)Cl)C2=C(C(=CC(=C2Cl)Cl)Cl)Cl,"1,2,4,5-tetrachloro-3-(2,4-dichlorophenyl)benzene",6.9,359.841466,357.844416,0,0,0,215.5
"2,2',3,5,5',6-Hexachlorobiphenyl",52663-63-5,151,Congener,40471,C12H4Cl6,360.9,C1=CC(=C(C=C1Cl)C2=C(C(=CC(=C2Cl)Cl)Cl)Cl)Cl,C1=CC(=C(C=C1Cl)C2=C(C(=CC(=C2Cl)Cl)Cl)Cl)Cl,"1,2,4,5-tetrachloro-3-(2,5-dichlorophenyl)benzene",6.8,359.841466,357.844416,0,0,0,216.6
"2,2',3,5,6,6'-Hexachlorobiphenyl",68194-09-2,152,Congener,63070,C12H4Cl6,360.9,C1=CC(=C(C(=C1)Cl)C2=C(C(=CC(=C2Cl)Cl)Cl)Cl)Cl,C1=CC(=C(C(=C1)Cl)C2=C(C(=CC(=C2Cl)Cl)Cl)Cl)Cl,"1,2,4,5-tetrachloro-3-(2,6-dichlorophenyl)benzene",6.5,359.841466,357.844416,0,0,0,216
"2,2',4,4',5,5'-Hexachlorobiphenyl",35065-27-1,153,Congener,37034,C12H4Cl6,360.9,C1=C(C(=CC(=C1Cl)Cl)Cl)C2=CC(=C(C=C2Cl)Cl)Cl,C1=C(C(=CC(=C1Cl)Cl)Cl)C2=CC(=C(C=C2Cl)Cl)Cl,"1,2,4-trichloro-5-(2,4,5-trichlorophenyl)benzene",7.2,359.841466,357.844416,0,0,0,215.2
"2,2',4,4',5,6'-Hexachlorobiphenyl",60145-22-4,154,Congener,63082,C12H4Cl6,360.9,C1=C(C=C(C(=C1Cl)C2=CC(=C(C=C2Cl)Cl)Cl)Cl)Cl,C1=C(C=C(C(=C1Cl)C2=CC(=C(C=C2Cl)Cl)Cl)Cl)Cl,"1,2,4-trichloro-5-(2,4,6-trichlorophenyl)benzene",6.9,359.841466,357.844416,0,0,0,214.6
"2,2',4,4',6,6'-Hexachlorobiphenyl",33979-03-2,155,Congener,36647,C12H4Cl6,360.9,C1=C(C=C(C(=C1Cl)C2=C(C=C(C=C2Cl)Cl)Cl)Cl)Cl,C1=C(C=C(C(=C1Cl)C2=C(C=C(C=C2Cl)Cl)Cl)Cl)Cl,"1,3,5-trichloro-2-(2,4,6-trichlorophenyl)benzene",7.3,359.841466,357.844416,0,0,0,214.3
"2,3,3',4,4',5-Hexachlorobiphenyl",38380-08-4,156,Congener,38019,C12H4Cl6,360.9,C1=CC(=C(C=C1C2=CC(=C(C(=C2Cl)Cl)Cl)Cl)Cl)Cl,C1=CC(=C(C=C1C2=CC(=C(C(=C2Cl)Cl)Cl)Cl)Cl)Cl,"1,2,3,4-tetrachloro-5-(3,4-dichlorophenyl)benzene",7.6,359.841466,357.844416,0,0,0,214.9
"2,3,3',4,4',5'-Hexachlorobiphenyl",69782-90-7,157,Congener,50891,C12H4Cl6,360.9,C1=CC(=C(C(=C1C2=CC(=C(C(=C2)Cl)Cl)Cl)Cl)Cl)Cl,C1=CC(=C(C(=C1C2=CC(=C(C(=C2)Cl)Cl)Cl)Cl)Cl)Cl,"1,2,3-trichloro-4-(3,4,5-trichlorophenyl)benzene",7.6,359.841466,357.844416,0,0,0,214.8
"2,3,3',4,4',6-Hexachlorobiphenyl",74472-42-7,158,Congener,63072,C12H4Cl6,360.9,C1=CC(=C(C=C1C2=C(C(=C(C=C2Cl)Cl)Cl)Cl)Cl)Cl,C1=CC(=C(C=C1C2=C(C(=C(C=C2Cl)Cl)Cl)Cl)Cl)Cl,"1,2,3,5-tetrachloro-4-(3,4-dichlorophenyl)benzene",7.2,359.841466,357.844416,0,0,0,214.6
"2,3,3',4,5,5'-Hexachlorobiphenyl",39635-35-3,159,Congener,91631,C12H4Cl6,360.9,C1=C(C=C(C=C1Cl)Cl)C2=CC(=C(C(=C2Cl)Cl)Cl)Cl,C1=C(C=C(C=C1Cl)Cl)C2=CC(=C(C(=C2Cl)Cl)Cl)Cl,"1,2,3,4-tetrachloro-5-(3,5-dichlorophenyl)benzene",7.4,359.841466,357.844416,0,0,0,216.4
"2,3,3',4,5,6-Hexachlorobiphenyl",41411-62-5,160,Congener,632312,C12H4Cl6,360.9,C1=CC(=CC(=C1)Cl)C2=C(C(=C(C(=C2Cl)Cl)Cl)Cl)Cl,C1=CC(=CC(=C1)Cl)C2=C(C(=C(C(=C2Cl)Cl)Cl)Cl)Cl,"1,2,3,4,5-pentachloro-6-(3-chlorophenyl)benzene",7.3,359.841466,357.844416,0,0,0,215.4
"2,3,3',4,5',6-Hexachlorobiphenyl",74472-43-8,161,Congener,93443,C12H4Cl6,360.9,C1=C(C=C(C=C1Cl)Cl)C2=C(C(=C(C=C2Cl)Cl)Cl)Cl,C1=C(C=C(C=C1Cl)Cl)C2=C(C(=C(C=C2Cl)Cl)Cl)Cl,"1,2,3,5-tetrachloro-4-(3,5-dichlorophenyl)benzene",7.1,359.841466,357.844416,0,0,0,216.1
"2,3,3',4',5,5'-Hexachlorobiphenyl",39635-34-2,162,Congener,63074,C12H4Cl6,360.9,C1=C(C=C(C(=C1Cl)Cl)Cl)C2=C(C(=CC(=C2)Cl)Cl)Cl,C1=C(C=C(C(=C1Cl)Cl)Cl)C2=C(C(=CC(=C2)Cl)Cl)Cl,"1,2,3-trichloro-5-(2,3,5-trichlorophenyl)benzene",7.5,359.841466,357.844416,0,0,0,216.4
"2,3,3',4',5,6-Hexachlorobiphenyl",74472-44-9,163,Congener,63079,C12H4Cl6,360.9,C1=CC(=C(C=C1C2=C(C(=CC(=C2Cl)Cl)Cl)Cl)Cl)Cl,C1=CC(=C(C=C1C2=C(C(=CC(=C2Cl)Cl)Cl)Cl)Cl)Cl,"1,2,4,5-tetrachloro-3-(3,4-dichlorophenyl)benzene",7.2,359.841466,357.844416,0,0,0,215.8
"2,3,3',4',5',6-Hexachlorobiphenyl",74472-45-0,164,Congener,63073,C12H4Cl6,360.9,C1=CC(=C(C(=C1Cl)C2=CC(=C(C(=C2)Cl)Cl)Cl)Cl)Cl,C1=CC(=C(C(=C1Cl)C2=CC(=C(C(=C2)Cl)Cl)Cl)Cl)Cl,"1,2,3-trichloro-5-(2,3,6-trichlorophenyl)benzene",7.2,359.841466,357.844416,0,0,0,215.8
"2,3,3',5,5',6-Hexachlorobiphenyl",74472-46-1,165,Congener,53037,C12H4Cl6,360.9,C1=C(C=C(C=C1Cl)Cl)C2=C(C(=CC(=C2Cl)Cl)Cl)Cl,C1=C(C=C(C=C1Cl)Cl)C2=C(C(=CC(=C2Cl)Cl)Cl)Cl,"1,2,4,5-tetrachloro-3-(3,5-dichlorophenyl)benzene",7.4,359.841466,357.844416,0,0,0,217.3
"2,3,4,4',5,6-Hexachlorobiphenyl",41411-63-6,166,Congener,63077,C12H4Cl6,360.9,C1=CC(=CC=C1C2=C(C(=C(C(=C2Cl)Cl)Cl)Cl)Cl)Cl,C1=CC(=CC=C1C2=C(C(=C(C(=C2Cl)Cl)Cl)Cl)Cl)Cl,"1,2,3,4,5-pentachloro-6-(4-chlorophenyl)benzene",7.3,359.841466,357.844416,0,0,0,214.1
"2,3',4,4',5,5'-Hexachlorobiphenyl",52663-72-6,167,Congener,40479,C12H4Cl6,360.9,C1=C(C=C(C(=C1Cl)Cl)Cl)C2=CC(=C(C=C2Cl)Cl)Cl,C1=C(C=C(C(=C1Cl)Cl)Cl)C2=CC(=C(C=C2Cl)Cl)Cl,"1,2,3-trichloro-5-(2,4,5-trichlorophenyl)benzene",7.5,359.841466,357.844416,0,0,0,215.2
"2,3',4,4',5',6-Hexachlorobiphenyl",59291-65-5,168,Congener,63078,C12H4Cl6,360.9,C1=C(C=C(C(=C1Cl)Cl)Cl)C2=C(C=C(C=C2Cl)Cl)Cl,C1=C(C=C(C(=C1Cl)Cl)Cl)C2=C(C=C(C=C2Cl)Cl)Cl,"1,2,3-trichloro-5-(2,4,6-trichlorophenyl)benzene",7.2,359.841466,357.844416,0,0,0,214.9
"3,3',4,4',5,5'-Hexachlorobiphenyl",32774-16-6,169,Congener,36231,C12H4Cl6,360.9,C1=C(C=C(C(=C1Cl)Cl)Cl)C2=CC(=C(C(=C2)Cl)Cl)Cl,C1=C(C=C(C(=C1Cl)Cl)Cl)C2=CC(=C(C(=C2)Cl)Cl)Cl,"1,2,3-trichloro-5-(3,4,5-trichlorophenyl)benzene",7.4,359.841466,357.844416,0,0,0,215.1
"2,2',3,3',4,4',5-Heptachlorobiphenyl",35065-30-6,170,Congener,37037,C12H3Cl7,395.3,C1=CC(=C(C(=C1C2=CC(=C(C(=C2Cl)Cl)Cl)Cl)Cl)Cl)Cl,C1=CC(=C(C(=C1C2=CC(=C(C(=C2Cl)Cl)Cl)Cl)Cl)Cl)Cl,"1,2,3,4-tetrachloro-5-(2,3,4-trichlorophenyl)benzene",7.9,393.802494,391.805444,0,0,0,229
"2,2',3,3',4,4',6-Heptachlorobiphenyl",52663-71-5,171,Congener,40478,C12H3Cl7,395.3,C1=CC(=C(C(=C1C2=C(C(=C(C=C2Cl)Cl)Cl)Cl)Cl)Cl)Cl,C1=CC(=C(C(=C1C2=C(C(=C(C=C2Cl)Cl)Cl)Cl)Cl)Cl)Cl,"1,2,3,5-tetrachloro-4-(2,3,4-trichlorophenyl)benzene",7.4,393.802494,391.805444,0,0,0,228.6
"2,2',3,3',4,5,5'-Heptachlorobiphenyl",52663-74-8,172,Congener,40481,C12H3Cl7,395.3,C1=C(C=C(C(=C1C2=CC(=C(C(=C2Cl)Cl)Cl)Cl)Cl)Cl)Cl,C1=C(C=C(C(=C1C2=CC(=C(C(=C2Cl)Cl)Cl)Cl)Cl)Cl)Cl,"1,2,3,4-tetrachloro-5-(2,3,5-trichlorophenyl)benzene",8,393.802494,391.805444,0,0,0,230.5
"2,2',3,3',4,5,6-Heptachlorobiphenyl",68194-16-1,173,Congener,50102,C12H3Cl7,395.3,C1=CC(=C(C(=C1)Cl)Cl)C2=C(C(=C(C(=C2Cl)Cl)Cl)Cl)Cl,C1=CC(=C(C(=C1)Cl)Cl)C2=C(C(=C(C(=C2Cl)Cl)Cl)Cl)Cl,"1,2,3,4,5-pentachloro-6-(2,3-dichlorophenyl)benzene",7.4,393.802494,391.805444,0,0,0,229.4
"2,2',3,3',4,5,6'-Heptachlorobiphenyl",38411-25-5,174,Congener,38025,C12H3Cl7,395.3,C1=CC(=C(C(=C1Cl)C2=CC(=C(C(=C2Cl)Cl)Cl)Cl)Cl)Cl,C1=CC(=C(C(=C1Cl)C2=CC(=C(C(=C2Cl)Cl)Cl)Cl)Cl)Cl,"1,2,3,4-tetrachloro-5-(2,3,6-trichlorophenyl)benzene",7.5,393.802494,391.805444,0,0,0,229.8
"2,2',3,3',4,5',6-Heptachlorobiphenyl",40186-70-7,175,Congener,91633,C12H3Cl7,395.3,C1=C(C=C(C(=C1C2=C(C(=C(C=C2Cl)Cl)Cl)Cl)Cl)Cl)Cl,C1=C(C=C(C(=C1C2=C(C(=C(C=C2Cl)Cl)Cl)Cl)Cl)Cl)Cl,"1,2,3,5-tetrachloro-4-(2,3,5-trichlorophenyl)benzene",7.8,393.802494,391.805444,0,0,0,230.1
"2,2',3,3',4,6,6'-Heptachlorobiphenyl",52663-65-7,176,Congener,63097,C12H3Cl7,395.3,C1=CC(=C(C(=C1Cl)C2=C(C(=C(C=C2Cl)Cl)Cl)Cl)Cl)Cl,C1=CC(=C(C(=C1Cl)C2=C(C(=C(C=C2Cl)Cl)Cl)Cl)Cl)Cl,"1,2,3,5-tetrachloro-4-(2,3,6-trichlorophenyl)benzene",7.3,393.802494,391.805444,0,0,0,229.5
"2,2',3,3',4,5',6'-Heptachlorobiphenyl",52663-70-4,177,Congener,40477,C12H3Cl7,395.3,C1=CC(=C(C(=C1C2=C(C(=CC(=C2Cl)Cl)Cl)Cl)Cl)Cl)Cl,C1=CC(=C(C(=C1C2=C(C(=CC(=C2Cl)Cl)Cl)Cl)Cl)Cl)Cl,"1,2,4,5-tetrachloro-3-(2,3,4-trichlorophenyl)benzene",7.4,393.802494,391.805444,0,0,0,229.8
"2,2',3,3',5,5',6-Heptachlorobiphenyl",52663-67-9,178,Congener,40474,C12H3Cl7,395.3,C1=C(C=C(C(=C1C2=C(C(=CC(=C2Cl)Cl)Cl)Cl)Cl)Cl)Cl,C1=C(C=C(C(=C1C2=C(C(=CC(=C2Cl)Cl)Cl)Cl)Cl)Cl)Cl,"1,2,4,5-tetrachloro-3-(2,3,5-trichlorophenyl)benzene",7.8,393.802494,391.805444,0,0,0,231.3
"2,2',3,3',5,6,6'-Heptachlorobiphenyl",52663-64-6,179,Congener,40472,C12H3Cl7,395.3,C1=CC(=C(C(=C1Cl)C2=C(C(=CC(=C2Cl)Cl)Cl)Cl)Cl)Cl,C1=CC(=C(C(=C1Cl)C2=C(C(=CC(=C2Cl)Cl)Cl)Cl)Cl)Cl,"1,2,4,5-tetrachloro-3-(2,3,6-trichlorophenyl)benzene",7.1,393.802494,391.805444,0,0,0,230.7
"2,2',3,4,4',5,5'-Heptachlorobiphenyl",35065-29-3,180,Congener,37036,C12H3Cl7,395.3,C1=C(C(=CC(=C1Cl)Cl)Cl)C2=CC(=C(C(=C2Cl)Cl)Cl)Cl,C1=C(C(=CC(=C1Cl)Cl)Cl)C2=CC(=C(C(=C2Cl)Cl)Cl)Cl,"1,2,3,4-tetrachloro-5-(2,4,5-trichlorophenyl)benzene",7.9,393.802494,391.805444,0,0,0,229.4
"2,2',3,4,4',5,6-Heptachlorobiphenyl",74472-47-2,181,Congener,53038,C12H3Cl7,395.3,C1=CC(=C(C=C1Cl)Cl)C2=C(C(=C(C(=C2Cl)Cl)Cl)Cl)Cl,C1=CC(=C(C=C1Cl)Cl)C2=C(C(=C(C(=C2Cl)Cl)Cl)Cl)Cl,"1,2,3,4,5-pentachloro-6-(2,4-dichlorophenyl)benzene",7.6,393.802494,391.805444,0,0,0,228.6
"2,2',3,4,4',5,6'-Heptachlorobiphenyl",60145-23-5,182,Congener,63098,C12H3Cl7,395.3,C1=C(C=C(C(=C1Cl)C2=CC(=C(C(=C2Cl)Cl)Cl)Cl)Cl)Cl,C1=C(C=C(C(=C1Cl)C2=CC(=C(C(=C2Cl)Cl)Cl)Cl)Cl)Cl,"1,2,3,4-tetrachloro-5-(2,4,6-trichlorophenyl)benzene",7.5,393.802494,391.805444,0,0,0,228.9
"2,2',3,4,4',5',6-Heptachlorobiphenyl",52663-69-1,183,Congener,40476,C12H3Cl7,395.3,C1=C(C(=CC(=C1Cl)Cl)Cl)C2=C(C(=C(C=C2Cl)Cl)Cl)Cl,C1=C(C(=CC(=C1Cl)Cl)Cl)C2=C(C(=C(C=C2Cl)Cl)Cl)Cl,"1,2,3,5-tetrachloro-4-(2,4,5-trichlorophenyl)benzene",7.4,393.802494,391.805444,0,0,0,229
"2,2',3,4,4',6,6'-Heptachlorobiphenyl",74472-48-3,184,Congener,92392,C12H3Cl7,395.3,C1=C(C=C(C(=C1Cl)C2=C(C(=C(C=C2Cl)Cl)Cl)Cl)Cl)Cl,C1=C(C=C(C(=C1Cl)C2=C(C(=C(C=C2Cl)Cl)Cl)Cl)Cl)Cl,"1,2,3,5-tetrachloro-4-(2,4,6-trichlorophenyl)benzene",7.3,393.802494,391.805444,0,0,0,228.6
"2,2',3,4,5,5',6-Heptachlorobiphenyl",52712-05-7,185,Congener,40500,C12H3Cl7,395.3,C1=CC(=C(C=C1Cl)C2=C(C(=C(C(=C2Cl)Cl)Cl)Cl)Cl)Cl,C1=CC(=C(C=C1Cl)C2=C(C(=C(C(=C2Cl)Cl)Cl)Cl)Cl)Cl,"1,2,3,4,5-pentachloro-6-(2,5-dichlorophenyl)benzene",7.5,393.802494,391.805444,0,0,0,229.8
"2,2',3,4,5,6,6'-Heptachlorobiphenyl",74472-49-4,186,Congener,93444,C12H3Cl7,395.3,C1=CC(=C(C(=C1)Cl)C2=C(C(=C(C(=C2Cl)Cl)Cl)Cl)Cl)Cl,C1=CC(=C(C(=C1)Cl)C2=C(C(=C(C(=C2Cl)Cl)Cl)Cl)Cl)Cl,"1,2,3,4,5-pentachloro-6-(2,6-dichlorophenyl)benzene",7.1,393.802494,391.805444,0,0,0,229.1
"2,2',3,4',5,5',6-Heptachlorobiphenyl",52663-68-0,187,Congener,40475,C12H3Cl7,395.3,C1=C(C(=CC(=C1Cl)Cl)Cl)C2=C(C(=CC(=C2Cl)Cl)Cl)Cl,C1=C(C(=CC(=C1Cl)Cl)Cl)C2=C(C(=CC(=C2Cl)Cl)Cl)Cl,"1,2,4,5-tetrachloro-3-(2,4,5-trichlorophenyl)benzene",7.5,393.802494,391.805444,0,0,0,230.1
"2,2',3,4',5,6,6'-Heptachlorobiphenyl",74487-85-7,188,Congener,91723,C12H3Cl7,395.3,C1=C(C=C(C(=C1Cl)C2=C(C(=CC(=C2Cl)Cl)Cl)Cl)Cl)Cl,C1=C(C=C(C(=C1Cl)C2=C(C(=CC(=C2Cl)Cl)Cl)Cl)Cl)Cl,"1,2,4,5-tetrachloro-3-(2,4,6-trichlorophenyl)benzene",7.1,393.802494,391.805444,0,0,0,229.8
"2,3,3',4,4',5,5'-Heptachlorobiphenyl",39635-31-9,189,Congener,38306,C12H3Cl7,395.3,C1=C(C=C(C(=C1Cl)Cl)Cl)C2=CC(=C(C(=C2Cl)Cl)Cl)Cl,C1=C(C=C(C(=C1Cl)Cl)Cl)C2=CC(=C(C(=C2Cl)Cl)Cl)Cl,"1,2,3,4-tetrachloro-5-(3,4,5-trichlorophenyl)benzene",8.1,393.802494,391.805444,0,0,0,229.5
"2,3,3',4,4',5,6-Heptachlorobiphenyl",41411-64-7,190,Congener,38857,C12H3Cl7,395.3,C1=CC(=C(C=C1C2=C(C(=C(C(=C2Cl)Cl)Cl)Cl)Cl)Cl)Cl,C1=CC(=C(C=C1C2=C(C(=C(C(=C2Cl)Cl)Cl)Cl)Cl)Cl)Cl,"1,2,3,4,5-pentachloro-6-(3,4-dichlorophenyl)benzene",7.9,393.802494,391.805444,0,0,0,228.9
"2,3,3',4,4',5',6-Heptachlorobiphenyl",74472-50-7,191,Congener,53039,C12H3Cl7,395.3,C1=C(C=C(C(=C1Cl)Cl)Cl)C2=C(C(=C(C=C2Cl)Cl)Cl)Cl,C1=C(C=C(C(=C1Cl)Cl)Cl)C2=C(C(=C(C=C2Cl)Cl)Cl)Cl,"1,2,3,5-tetrachloro-4-(3,4,5-trichlorophenyl)benzene",7.7,393.802494,391.805444,0,0,0,229.3
"2,3,3',4,5,5',6-Heptachlorobiphenyl",74472-51-8,192,Congener,50892,C12H3Cl7,395.3,C1=C(C=C(C=C1Cl)Cl)C2=C(C(=C(C(=C2Cl)Cl)Cl)Cl)Cl,C1=C(C=C(C=C1Cl)Cl)C2=C(C(=C(C(=C2Cl)Cl)Cl)Cl)Cl,"1,2,3,4,5-pentachloro-6-(3,5-dichlorophenyl)benzene",8,393.802494,391.805444,0,0,0,230.3
"2,3,3',4',5,5',6-Heptachlorobiphenyl",69782-91-8,193,Congener,633844,C12H3Cl7,395.3,C1=C(C=C(C(=C1Cl)Cl)Cl)C2=C(C(=CC(=C2Cl)Cl)Cl)Cl,C1=C(C=C(C(=C1Cl)Cl)Cl)C2=C(C(=CC(=C2Cl)Cl)Cl)Cl,"1,2,4,5-tetrachloro-3-(3,4,5-trichlorophenyl)benzene",8,393.802494,391.805444,0,0,0,230.5
"2,2',3,3',4,4',5,5'-Octachlorobiphenyl",35694-08-7,194,Congener,37251,C12H2Cl8,429.8,C1=C(C(=C(C(=C1Cl)Cl)Cl)Cl)C2=CC(=C(C(=C2Cl)Cl)Cl)Cl,C1=C(C(=C(C(=C1Cl)Cl)Cl)Cl)C2=CC(=C(C(=C2Cl)Cl)Cl)Cl,"1,2,3,4-tetrachloro-5-(2,3,4,5-tetrachlorophenyl)benzene",8.6,429.760571,425.766472,0,0,0,243.7
"2,2',3,3',4,4',5,6-Octachlorobiphenyl",52663-78-2,195,Congener,40485,C12H2Cl8,429.8,C1=CC(=C(C(=C1C2=C(C(=C(C(=C2Cl)Cl)Cl)Cl)Cl)Cl)Cl)Cl,C1=CC(=C(C(=C1C2=C(C(=C(C(=C2Cl)Cl)Cl)Cl)Cl)Cl)Cl)Cl,"1,2,3,4,5-pentachloro-6-(2,3,4-trichlorophenyl)benzene",8.2,429.760571,425.766472,0,0,0,242.9
"2,2',3,3',4,4',5,6'-Octachlorobiphenyl",42740-50-1,196,Congener,39253,C12H2Cl8,429.8,C1=C(C(=C(C(=C1Cl)Cl)Cl)Cl)C2=C(C(=C(C=C2Cl)Cl)Cl)Cl,C1=C(C(=C(C(=C1Cl)Cl)Cl)Cl)C2=C(C(=C(C=C2Cl)Cl)Cl)Cl,"1,2,3,4-tetrachloro-5-(2,3,4,6-tetrachlorophenyl)benzene",8.2,429.760571,425.766472,0,0,0,243.3
"2,2',3,3',4,4',6,6'-Octachlorobiphenyl",33091-17-7,197,Congener,36327,C12H2Cl8,429.8,C1=C(C(=C(C(=C1Cl)Cl)Cl)C2=C(C(=C(C=C2Cl)Cl)Cl)Cl)Cl,C1=C(C(=C(C(=C1Cl)Cl)Cl)C2=C(C(=C(C=C2Cl)Cl)Cl)Cl)Cl,"1,2,3,5-tetrachloro-4-(2,3,4,6-tetrachlorophenyl)benzene",8,429.760571,425.766472,0,0,0,243
"2,2',3,3',4,5,5',6-Octachlorobiphenyl",68194-17-2,198,Congener,50103,C12H2Cl8,429.8,C1=C(C=C(C(=C1C2=C(C(=C(C(=C2Cl)Cl)Cl)Cl)Cl)Cl)Cl)Cl,C1=C(C=C(C(=C1C2=C(C(=C(C(=C2Cl)Cl)Cl)Cl)Cl)Cl)Cl)Cl,"1,2,3,4,5-pentachloro-6-(2,3,5-trichlorophenyl)benzene",8.1,429.760571,425.766472,0,0,0,244.3
"2,2',3,3',4,5,5',6'-Octachlorobiphenyl",52663-75-9,199,Congener,40482,C12H2Cl8,429.8,C1=C(C(=C(C(=C1Cl)Cl)Cl)Cl)C2=C(C(=CC(=C2Cl)Cl)Cl)Cl,C1=C(C(=C(C(=C1Cl)Cl)Cl)Cl)C2=C(C(=CC(=C2Cl)Cl)Cl)Cl,"1,2,3,4-tetrachloro-5-(2,3,5,6-tetrachlorophenyl)benzene",8.2,429.760571,425.766472,0,0,0,244.5
"2,2',3,3',4,5,6,6'-Octachlorobiphenyl",52663-73-7,200,Congener,40480,C12H2Cl8,429.8,C1=CC(=C(C(=C1Cl)C2=C(C(=C(C(=C2Cl)Cl)Cl)Cl)Cl)Cl)Cl,C1=CC(=C(C(=C1Cl)C2=C(C(=C(C(=C2Cl)Cl)Cl)Cl)Cl)Cl)Cl,"1,2,3,4,5-pentachloro-6-(2,3,6-trichlorophenyl)benzene",8.4,429.760571,425.766472,0,0,0,243.7
"2,2',3,3',4,5',6,6'-Octachlorobiphenyl",40186-71-8,201,Congener,38410,C12H2Cl8,429.8,C1=C(C(=C(C(=C1Cl)Cl)Cl)C2=C(C(=CC(=C2Cl)Cl)Cl)Cl)Cl,C1=C(C(=C(C(=C1Cl)Cl)Cl)C2=C(C(=CC(=C2Cl)Cl)Cl)Cl)Cl,"1,2,3,5-tetrachloro-4-(2,3,5,6-tetrachlorophenyl)benzene",7.7,429.760571,425.766472,0,0,0,244.1
"2,2',3,3',5,5',6,6'-Octachlorobiphenyl",2136-99-4,202,Congener,16495,C12H2Cl8,429.8,C1=C(C(=C(C(=C1Cl)Cl)C2=C(C(=CC(=C2Cl)Cl)Cl)Cl)Cl)Cl,C1=C(C(=C(C(=C1Cl)Cl)C2=C(C(=CC(=C2Cl)Cl)Cl)Cl)Cl)Cl,"1,2,4,5-tetrachloro-3-(2,3,5,6-tetrachlorophenyl)benzene",7.7,429.760571,425.766472,0,0,0,245.3
"2,2',3,4,4',5,5',6-Octachlorobiphenyl",52663-76-0,203,Congener,40483,C12H2Cl8,429.8,C1=C(C(=CC(=C1Cl)Cl)Cl)C2=C(C(=C(C(=C2Cl)Cl)Cl)Cl)Cl,C1=C(C(=CC(=C1Cl)Cl)Cl)C2=C(C(=C(C(=C2Cl)Cl)Cl)Cl)Cl,"1,2,3,4,5-pentachloro-6-(2,4,5-trichlorophenyl)benzene",8.1,429.760571,425.766472,0,0,0,243.3
"2,2',3,4,4',5,6,6'-Octachlorobiphenyl",74472-52-9,204,Congener,91721,C12H2Cl8,429.8,C1=C(C=C(C(=C1Cl)C2=C(C(=C(C(=C2Cl)Cl)Cl)Cl)Cl)Cl)Cl,C1=C(C=C(C(=C1Cl)C2=C(C(=C(C(=C2Cl)Cl)Cl)Cl)Cl)Cl)Cl,"1,2,3,4,5-pentachloro-6-(2,4,6-trichlorophenyl)benzene",7.5,429.760571,425.766472,0,0,0,242.9
"2,3,3',4,4',5,5',6-Octachlorobiphenyl",74472-53-0,205,Congener,91722,C12H2Cl8,429.8,C1=C(C=C(C(=C1Cl)Cl)Cl)C2=C(C(=C(C(=C2Cl)Cl)Cl)Cl)Cl,C1=C(C=C(C(=C1Cl)Cl)Cl)C2=C(C(=C(C(=C2Cl)Cl)Cl)Cl)Cl,"1,2,3,4,5-pentachloro-6-(3,4,5-trichlorophenyl)benzene",8.5,429.760571,425.766472,0,0,0,243.6
"2,2',3,3',4,4',5,5',6-Nonachlorobiphenyl",40186-72-9,206,Congener,38411,C12HCl9,464.2,C1=C(C(=C(C(=C1Cl)Cl)Cl)Cl)C2=C(C(=C(C(=C2Cl)Cl)Cl)Cl)Cl,C1=C(C(=C(C(=C1Cl)Cl)Cl)Cl)C2=C(C(=C(C(=C2Cl)Cl)Cl)Cl)Cl,"1,2,3,4,5-pentachloro-6-(2,3,4,5-tetrachlorophenyl)benzene",8.8,463.721599,459.727499,0,0,0,257.6
"2,2',3,3',4,4',5,6,6'-Nonachlorobiphenyl",52663-79-3,207,Congener,91648,C12HCl9,464.2,C1=C(C(=C(C(=C1Cl)Cl)Cl)C2=C(C(=C(C(=C2Cl)Cl)Cl)Cl)Cl)Cl,C1=C(C(=C(C(=C1Cl)Cl)Cl)C2=C(C(=C(C(=C2Cl)Cl)Cl)Cl)Cl)Cl,"1,2,3,4,5-pentachloro-6-(2,3,4,6-tetrachlorophenyl)benzene",8.2,463.721599,459.727499,0,0,0,257.3
"2,2',3,3',4,5,5',6,6'-Nonachlorobiphenyl",52663-77-1,208,Congener,40484,C12HCl9,464.2,C1=C(C(=C(C(=C1Cl)Cl)C2=C(C(=C(C(=C2Cl)Cl)Cl)Cl)Cl)Cl)Cl,C1=C(C(=C(C(=C1Cl)Cl)C2=C(C(=C(C(=C2Cl)Cl)Cl)Cl)Cl)Cl)Cl,"1,2,3,4,5-pentachloro-6-(2,3,5,6-tetrachlorophenyl)benzene",8.2,463.721599,459.727499,0,0,0,258.4
Decachlorobiphenyl,2051-24-3,209,Congener,16318,C12Cl10,498.6,C1(=C(C(=C(C(=C1Cl)Cl)Cl)Cl)Cl)C2=C(C(=C(C(=C2Cl)Cl)Cl)Cl)Cl,C1(=C(C(=C(C(=C1Cl)Cl)Cl)Cl)Cl)C2=C(C(=C(C(=C2Cl)Cl)Cl)Cl)Cl,"1,2,3,4,5-pentachloro-6-(2,3,4,5,6-pentachlorophenyl)benzene",8.3,497.682627,493.688527,0,0,0,271.5
